latitude,longitude,time,date,xco2,xco2_quality_flag
21.608618,105.09617,2022-10-24 05:16:10.033014,2022-10-24,419.8713,0
21.539013,105.20239,2022-10-24 05:16:11.420011,2022-10-24,418.77676,0
20.691624,105.871414,2022-10-24 05:16:29.312008,2022-10-24,423.27048,0
20.640568,105.93792,2022-10-24 05:16:30.338999,2022-10-24,420.70407,0
21.471092,105.45185,2022-10-24 05:16:36.446992,2022-10-24,420.2378,0
21.410084,105.41469,2022-10-24 05:16:37.339001,2022-10-24,420.46667,0
21.38771,105.503105,2022-10-24 05:16:38.087016,2022-10-24,421.05338,0
21.353178,105.3972,2022-10-24 05:16:38.258007,2022-10-24,420.59387,0
21.276627,105.48837,2022-10-24 05:16:39.952023,2022-10-24,419.0682,0
21.257082,105.59682,2022-10-24 05:16:40.726028,2022-10-24,420.25366,0
21.234938,105.571045,2022-10-24 05:16:41.006010,2022-10-24,420.18826,0
21.072138,105.806725,2022-10-24 05:16:44.779999,2022-10-24,420.92313,0
21.021666,105.71528,2022-10-24 05:16:45.285005,2022-10-24,421.5248,0
21.033897,105.795204,2022-10-24 05:16:45.392991,2022-10-24,419.375,0
21.037056,105.81512,2022-10-24 05:16:45.419987,2022-10-24,420.0936,0
21.001984,105.82349,2022-10-24 05:16:46.060016,2022-10-24,420.35767,0
21.005123,105.84341,2022-10-24 05:16:46.087013,2022-10-24,420.79633,0
20.989162,105.85754,2022-10-24 05:16:46.420022,2022-10-24,421.3381,0
20.99229,105.87743,2022-10-24 05:16:46.447019,2022-10-24,418.9942,0
20.960884,105.79188,2022-10-24 05:16:46.645006,2022-10-24,420.89438,0
20.973154,105.87167,2022-10-24 05:16:46.752992,2022-10-24,421.12225,0
20.91907,105.87421,2022-10-24 05:16:47.698993,2022-10-24,420.14438,0
20.925228,105.91405,2022-10-24 05:16:47.752986,2022-10-24,418.65274,0
20.906208,105.90826,2022-10-24 05:16:48.060005,2022-10-24,420.9045,0
20.89332,105.94228,2022-10-24 05:16:48.420012,2022-10-24,420.34042,0
20.84615,105.87076,2022-10-24 05:16:48.952014,2022-10-24,421.02576,0
20.811274,105.87896,2022-10-24 05:16:49.590997,2022-10-24,421.83673,0
20.816591,106.03268,2022-10-24 05:16:50.113987,2022-10-24,420.04434,0
20.80061,106.04677,2022-10-24 05:16:50.446997,2022-10-24,421.86032,0
21.686607,105.396225,2022-10-24 05:16:55.087004,2022-10-24,419.93167,0
21.693165,105.41344,2022-10-24 05:16:55.114000,2022-10-24,418.56415,0
21.49487,105.451225,2022-10-24 05:16:58.285015,2022-10-24,419.56644,0
21.507677,105.48621,2022-10-24 05:16:58.339008,2022-10-24,418.55557,0
21.478888,105.46542,2022-10-24 05:16:58.618025,2022-10-24,418.5188,0
21.485304,105.482956,2022-10-24 05:16:58.645021,2022-10-24,418.3993,0
21.491707,105.50041,2022-10-24 05:16:58.672018,2022-10-24,419.3272,0
21.498308,105.51793,2022-10-24 05:16:58.699014,2022-10-24,420.61392,0
21.37727,105.648994,2022-10-24 05:17:01.393025,2022-10-24,417.9588,0
21.390429,105.68367,2022-10-24 05:17:01.447018,2022-10-24,419.9462,0
21.348246,105.6283,2022-10-24 05:17:01.672001,2022-10-24,420.2358,0
21.354734,105.64575,2022-10-24 05:17:01.698998,2022-10-24,418.29648,0
21.338785,105.65994,2022-10-24 05:17:02.033013,2022-10-24,419.20175,0
21.345297,105.67734,2022-10-24 05:17:02.060010,2022-10-24,419.79803,0
21.351835,105.69469,2022-10-24 05:17:02.087006,2022-10-24,420.00546,0
21.358353,105.71197,2022-10-24 05:17:02.114003,2022-10-24,421.1658,0
21.322794,105.67411,2022-10-24 05:17:02.366023,2022-10-24,419.06097,0
21.329323,105.69151,2022-10-24 05:17:02.393019,2022-10-24,419.1048,0
21.335867,105.70887,2022-10-24 05:17:02.420016,2022-10-24,419.01752,0
21.34252,105.72621,2022-10-24 05:17:02.447012,2022-10-24,419.7601,0
21.293892,105.65336,2022-10-24 05:17:02.645000,2022-10-24,418.98154,0
21.306849,105.68829,2022-10-24 05:17:02.698992,2022-10-24,418.7728,0
21.326447,105.74033,2022-10-24 05:17:02.780022,2022-10-24,420.3446,0
21.297548,105.71995,2022-10-24 05:17:03.060004,2022-10-24,421.333,0
21.30391,105.7372,2022-10-24 05:17:03.087001,2022-10-24,420.0792,0
21.274931,105.71665,2022-10-24 05:17:03.366018,2022-10-24,421.37695,0
21.28148,105.73407,2022-10-24 05:17:03.393014,2022-10-24,419.4113,0
21.236568,105.72758,2022-10-24 05:17:04.006006,2022-10-24,420.84473,0
21.243027,105.745,2022-10-24 05:17:04.033003,2022-10-24,420.53793,0
21.249527,105.76239,2022-10-24 05:17:04.059999,2022-10-24,418.18,0
21.230602,105.82531,2022-10-24 05:17:04.780011,2022-10-24,420.68988,0
21.208124,105.8222,2022-10-24 05:17:05.086990,2022-10-24,422.1806,0
21.214632,105.83947,2022-10-24 05:17:05.114027,2022-10-24,420.73312,0
21.131247,105.844086,2022-10-24 05:17:06.366001,2022-10-24,419.2621,0
21.137764,105.86148,2022-10-24 05:17:06.392998,2022-10-24,420.50055,0
21.144207,105.87878,2022-10-24 05:17:06.419994,2022-10-24,419.7237,0
21.150713,105.89604,2022-10-24 05:17:06.446991,2022-10-24,420.11514,0
21.12179,105.875626,2022-10-24 05:17:06.726007,2022-10-24,420.04074,0
21.134727,105.91018,2022-10-24 05:17:06.780000,2022-10-24,420.57605,0
21.07355,105.80233,2022-10-24 05:17:06.925001,2022-10-24,421.7876,0
21.105772,105.88974,2022-10-24 05:17:07.060023,2022-10-24,420.25275,0
21.112255,105.90705,2022-10-24 05:17:07.087019,2022-10-24,419.82144,0
21.118748,105.92432,2022-10-24 05:17:07.114016,2022-10-24,419.5377,0
21.076868,105.86908,2022-10-24 05:17:07.339000,2022-10-24,420.3153,0
21.089808,105.90388,2022-10-24 05:17:07.392992,2022-10-24,419.80048,0
21.096289,105.921196,2022-10-24 05:17:07.419989,2022-10-24,420.31146,0
21.102768,105.938446,2022-10-24 05:17:07.447026,2022-10-24,420.86823,0
21.060911,105.883224,2022-10-24 05:17:07.672009,2022-10-24,420.45383,0
21.067362,105.90064,2022-10-24 05:17:07.699006,2022-10-24,420.44608,0
21.073843,105.918015,2022-10-24 05:17:07.726002,2022-10-24,420.15845,0
21.051369,105.914764,2022-10-24 05:17:08.033021,2022-10-24,419.91708,0
21.057835,105.93213,2022-10-24 05:17:08.060018,2022-10-24,419.1215,0
21.022514,105.894,2022-10-24 05:17:08.311998,2022-10-24,420.9868,0
21.028944,105.91147,2022-10-24 05:17:08.338994,2022-10-24,420.8239,0
21.035389,105.92889,2022-10-24 05:17:08.365991,2022-10-24,420.5044,0
21.048328,105.96356,2022-10-24 05:17:08.420024,2022-10-24,418.90515,0
21.054817,105.98082,2022-10-24 05:17:08.447020,2022-10-24,419.72568,0
21.006523,105.90811,2022-10-24 05:17:08.645007,2022-10-24,419.1328,0
21.012945,105.92558,2022-10-24 05:17:08.672004,2022-10-24,420.09726,0
21.019413,105.943016,2022-10-24 05:17:08.699000,2022-10-24,419.99808,0
21.02587,105.96037,2022-10-24 05:17:08.725996,2022-10-24,419.87012,0
21.003424,105.95713,2022-10-24 05:17:09.033016,2022-10-24,420.5098,0
21.009884,105.974495,2022-10-24 05:17:09.060012,2022-10-24,419.0751,0
21.016357,105.9918,2022-10-24 05:17:09.087008,2022-10-24,419.64267,0
21.02284,106.009056,2022-10-24 05:17:09.114005,2022-10-24,419.8042,0
20.968142,105.91882,2022-10-24 05:17:09.284996,2022-10-24,420.4293,0
20.974543,105.93634,2022-10-24 05:17:09.311992,2022-10-24,420.944,0
20.987438,105.971245,2022-10-24 05:17:09.366025,2022-10-24,419.56815,0
20.993898,105.9886,2022-10-24 05:17:09.393022,2022-10-24,419.72873,0
21.000368,106.00591,2022-10-24 05:17:09.420018,2022-10-24,419.7887,0
21.006851,106.02316,2022-10-24 05:17:09.447015,2022-10-24,419.57568,0
20.945738,105.915344,2022-10-24 05:17:09.591009,2022-10-24,420.22922,0
20.95214,105.93293,2022-10-24 05:17:09.618006,2022-10-24,419.73224,0
20.958578,105.95047,2022-10-24 05:17:09.645002,2022-10-24,420.529,0
20.964996,105.96793,2022-10-24 05:17:09.671998,2022-10-24,419.4293,0
20.971453,105.98535,2022-10-24 05:17:09.698995,2022-10-24,419.55862,0
20.984379,106.02002,2022-10-24 05:17:09.752988,2022-10-24,419.1705,0
20.99086,106.03727,2022-10-24 05:17:09.780024,2022-10-24,419.68924,0
20.936152,105.94704,2022-10-24 05:17:09.952021,2022-10-24,420.76663,0
20.942575,105.96456,2022-10-24 05:17:09.979017,2022-10-24,419.7068,0
20.949009,105.98204,2022-10-24 05:17:10.006014,2022-10-24,419.50946,0
20.96192,106.01682,2022-10-24 05:17:10.060007,2022-10-24,419.60294,0
20.968388,106.03413,2022-10-24 05:17:10.087003,2022-10-24,419.9406,0
20.974867,106.05138,2022-10-24 05:17:10.114000,2022-10-24,419.45157,0
20.926588,105.97867,2022-10-24 05:17:10.312027,2022-10-24,419.788,0
20.933022,105.99615,2022-10-24 05:17:10.339024,2022-10-24,420.14523,0
20.9106,105.992775,2022-10-24 05:17:10.644996,2022-10-24,420.16873,0
20.923483,106.027664,2022-10-24 05:17:10.698989,2022-10-24,420.0337,0
20.929935,106.04502,2022-10-24 05:17:10.726026,2022-10-24,418.46048,0
20.9364,106.062325,2022-10-24 05:17:10.753022,2022-10-24,418.99237,0
20.942875,106.079575,2022-10-24 05:17:10.780019,2022-10-24,420.71045,0
20.881784,105.97176,2022-10-24 05:17:10.925019,2022-10-24,419.9071,0
20.888193,105.98935,2022-10-24 05:17:10.952015,2022-10-24,420.078,0
20.894611,106.006874,2022-10-24 05:17:10.979012,2022-10-24,420.748,0
20.87219,106.00343,2022-10-24 05:17:11.285025,2022-10-24,420.2673,0
20.878618,106.02097,2022-10-24 05:17:11.312022,2022-10-24,420.9453,0
20.910877,106.10776,2022-10-24 05:17:11.447004,2022-10-24,419.7536,0
20.862627,106.035065,2022-10-24 05:17:11.644991,2022-10-24,420.76813,0
20.869041,106.05252,2022-10-24 05:17:11.671988,2022-10-24,419.8715,0
20.881926,106.08729,2022-10-24 05:17:11.726021,2022-10-24,419.83374,0
20.888395,106.10459,2022-10-24 05:17:11.753017,2022-10-24,419.83057,0
20.84662,106.04914,2022-10-24 05:17:11.979007,2022-10-24,419.652,0
20.85948,106.08402,2022-10-24 05:17:12.033000,2022-10-24,420.10287,0
20.865936,106.10138,2022-10-24 05:17:12.059996,2022-10-24,419.87692,0
20.872395,106.118675,2022-10-24 05:17:12.086992,2022-10-24,420.77112,0
20.87885,106.13592,2022-10-24 05:17:12.113989,2022-10-24,420.47943,0
20.817814,106.02813,2022-10-24 05:17:12.258023,2022-10-24,420.68262,0
20.824215,106.04571,2022-10-24 05:17:12.285020,2022-10-24,421.7109,0
20.830637,106.06324,2022-10-24 05:17:12.312016,2022-10-24,420.016,0
20.837048,106.080696,2022-10-24 05:17:12.339013,2022-10-24,420.96722,0
20.801832,106.04221,2022-10-24 05:17:12.590993,2022-10-24,421.30627,0
20.821083,106.094795,2022-10-24 05:17:12.672022,2022-10-24,420.52536,0
21.87467,105.43833,2022-10-24 05:17:21.114020,2022-10-24,420.10397,0
21.788475,105.40969,2022-10-24 05:17:21.312008,2022-10-24,418.9451,0
21.83064,105.43549,2022-10-24 05:17:21.392997,2022-10-24,419.66373,0
21.844694,105.44397,2022-10-24 05:17:21.419993,2022-10-24,419.82123,0
21.858732,105.45255,2022-10-24 05:17:21.446990,2022-10-24,420.46667,0
21.78667,105.432434,2022-10-24 05:17:21.672014,2022-10-24,419.24765,0
21.800705,105.441086,2022-10-24 05:17:21.699010,2022-10-24,417.76715,0
21.814732,105.449715,2022-10-24 05:17:21.726007,2022-10-24,419.29614,0
21.842764,105.46697,2022-10-24 05:17:21.779999,2022-10-24,419.56393,0
21.728539,105.4204,2022-10-24 05:17:21.925000,2022-10-24,420.50076,0
21.798763,105.46424,2022-10-24 05:17:22.060022,2022-10-24,421.2445,0
21.712648,105.43548,2022-10-24 05:17:22.258009,2022-10-24,419.39606,0
21.696657,105.44913,2022-10-24 05:17:22.591019,2022-10-24,420.59305,0
21.710672,105.45847,2022-10-24 05:17:22.618015,2022-10-24,419.96216,0
21.738792,105.47539,2022-10-24 05:17:22.672008,2022-10-24,418.3178,0
21.7949,105.50996,2022-10-24 05:17:22.779994,2022-10-24,419.90543,0
21.708923,105.480965,2022-10-24 05:17:22.978987,2022-10-24,418.61868,0
21.722973,105.48973,2022-10-24 05:17:23.006024,2022-10-24,420.12613,0
21.736988,105.49864,2022-10-24 05:17:23.033020,2022-10-24,419.67755,0
21.677023,105.509315,2022-10-24 05:17:23.645006,2022-10-24,418.07956,0
21.675018,105.532166,2022-10-24 05:17:24.006018,2022-10-24,418.78076,0
21.731112,105.56682,2022-10-24 05:17:24.114004,2022-10-24,419.11783,0
21.671328,105.57775,2022-10-24 05:17:24.725990,2022-10-24,418.11072,0
21.669403,105.60052,2022-10-24 05:17:25.087002,2022-10-24,419.90402,0
21.683434,105.60901,2022-10-24 05:17:25.113999,2022-10-24,418.06445,0
21.667334,105.623314,2022-10-24 05:17:25.447008,2022-10-24,419.90598,0
21.593447,105.62601,2022-10-24 05:17:26.033004,2022-10-24,414.86633,0
21.621471,105.64312,2022-10-24 05:17:26.086997,2022-10-24,419.07758,0
21.563341,105.63157,2022-10-24 05:17:26.339017,2022-10-24,420.10257,0
21.57736,105.64037,2022-10-24 05:17:26.366014,2022-10-24,421.4201,0
21.591408,105.64877,2022-10-24 05:17:26.393010,2022-10-24,420.45438,0
21.547401,105.645805,2022-10-24 05:17:26.672027,2022-10-24,420.50687,0
21.56145,105.65438,2022-10-24 05:17:26.699023,2022-10-24,419.99927,0
21.575489,105.66294,2022-10-24 05:17:26.726020,2022-10-24,421.2306,0
21.517452,105.65214,2022-10-24 05:17:26.979006,2022-10-24,415.2862,0
21.531548,105.66001,2022-10-24 05:17:27.006002,2022-10-24,419.19177,0
21.529608,105.682915,2022-10-24 05:17:27.366008,2022-10-24,420.771,0
21.543642,105.69143,2022-10-24 05:17:27.393005,2022-10-24,421.6215,0
21.513578,105.69705,2022-10-24 05:17:27.699018,2022-10-24,419.3544,0
21.52754,105.70615,2022-10-24 05:17:27.726014,2022-10-24,421.71997,0
21.48351,105.70267,2022-10-24 05:17:28.005997,2022-10-24,420.25516,0
21.49754,105.71127,2022-10-24 05:17:28.032993,2022-10-24,419.33463,0
21.449747,105.75394,2022-10-24 05:17:29.033028,2022-10-24,420.72137,0
21.433672,105.76799,2022-10-24 05:17:29.365997,2022-10-24,418.965,0
21.447691,105.776436,2022-10-24 05:17:29.392994,2022-10-24,418.50912,0
21.46171,105.784966,2022-10-24 05:17:29.419990,2022-10-24,420.5065,0
21.475704,105.793686,2022-10-24 05:17:29.447027,2022-10-24,419.98196,0
21.403664,105.773315,2022-10-24 05:17:29.672010,2022-10-24,419.292,0
21.41769,105.78197,2022-10-24 05:17:29.699007,2022-10-24,419.1821,0
21.431713,105.790565,2022-10-24 05:17:29.726003,2022-10-24,419.5458,0
21.445732,105.799126,2022-10-24 05:17:29.753000,2022-10-24,419.8955,0
21.459743,105.8077,2022-10-24 05:17:29.779996,2022-10-24,419.95392,0
21.373663,105.77874,2022-10-24 05:17:29.978989,2022-10-24,419.1171,0
21.387693,105.787445,2022-10-24 05:17:30.006026,2022-10-24,419.2986,0
21.40174,105.79607,2022-10-24 05:17:30.033022,2022-10-24,419.08704,0
21.415775,105.80473,2022-10-24 05:17:30.060019,2022-10-24,419.91037,0
21.429808,105.81332,2022-10-24 05:17:30.087015,2022-10-24,419.46832,0
21.44385,105.82178,2022-10-24 05:17:30.114012,2022-10-24,420.3579,0
21.357813,105.79297,2022-10-24 05:17:30.311999,2022-10-24,420.17273,0
21.371845,105.801605,2022-10-24 05:17:30.338995,2022-10-24,419.65137,0
21.38587,105.81024,2022-10-24 05:17:30.365992,2022-10-24,419.55325,0
21.399893,105.81884,2022-10-24 05:17:30.392988,2022-10-24,419.3798,0
21.413908,105.82742,2022-10-24 05:17:30.420025,2022-10-24,418.43747,0
21.427927,105.83592,2022-10-24 05:17:30.447021,2022-10-24,419.93622,0
21.341833,105.80713,2022-10-24 05:17:30.645009,2022-10-24,419.74033,0
21.355864,105.815765,2022-10-24 05:17:30.672005,2022-10-24,419.78033,0
21.36989,105.82439,2022-10-24 05:17:30.699002,2022-10-24,419.43118,0
21.38391,105.833,2022-10-24 05:17:30.725998,2022-10-24,418.56403,0
21.397926,105.84157,2022-10-24 05:17:30.752995,2022-10-24,419.35797,0
21.41194,105.850105,2022-10-24 05:17:30.779991,2022-10-24,419.1882,0
21.309736,105.83543,2022-10-24 05:17:31.311994,2022-10-24,418.7644,0
21.351805,105.86134,2022-10-24 05:17:31.393023,2022-10-24,418.6944,0
21.36582,105.86991,2022-10-24 05:17:31.420020,2022-10-24,419.84344,0
21.379835,105.87843,2022-10-24 05:17:31.447016,2022-10-24,419.63116,0
21.279728,105.84075,2022-10-24 05:17:31.618007,2022-10-24,420.86465,0
21.293756,105.8495,2022-10-24 05:17:31.645003,2022-10-24,420.49332,0
21.307781,105.858215,2022-10-24 05:17:31.672000,2022-10-24,419.93127,0
21.321802,105.86687,2022-10-24 05:17:31.698996,2022-10-24,420.4111,0
21.335817,105.8755,2022-10-24 05:17:31.725993,2022-10-24,419.50006,0
21.349833,105.88407,2022-10-24 05:17:31.752989,2022-10-24,420.0298,0
21.363846,105.892586,2022-10-24 05:17:31.780026,2022-10-24,419.28937,0
21.249754,105.846054,2022-10-24 05:17:31.925026,2022-10-24,421.70074,0
21.263794,105.85489,2022-10-24 05:17:31.952022,2022-10-24,419.99292,0
21.277832,105.86364,2022-10-24 05:17:31.979019,2022-10-24,419.99954,0
21.305891,105.88102,2022-10-24 05:17:32.033012,2022-10-24,419.74524,0
21.319916,105.88964,2022-10-24 05:17:32.060008,2022-10-24,420.73483,0
21.333939,105.89821,2022-10-24 05:17:32.087004,2022-10-24,419.36737,0
21.347963,105.90669,2022-10-24 05:17:32.114001,2022-10-24,419.5703,0
21.23386,105.86018,2022-10-24 05:17:32.257995,2022-10-24,420.29315,0
21.247892,105.869,2022-10-24 05:17:32.284992,2022-10-24,419.44833,0
21.261919,105.87778,2022-10-24 05:17:32.311988,2022-10-24,419.50516,0
21.27594,105.8865,2022-10-24 05:17:32.339025,2022-10-24,419.3423,0
21.289959,105.895164,2022-10-24 05:17:32.366021,2022-10-24,420.6759,0
21.303974,105.90376,2022-10-24 05:17:32.393018,2022-10-24,419.637,0
21.317987,105.912346,2022-10-24 05:17:32.420014,2022-10-24,419.68182,0
21.331997,105.920876,2022-10-24 05:17:32.447011,2022-10-24,419.8562,0
21.217873,105.87433,2022-10-24 05:17:32.591005,2022-10-24,420.67514,0
21.231903,105.88315,2022-10-24 05:17:32.618001,2022-10-24,420.85477,0
21.24593,105.89192,2022-10-24 05:17:32.644998,2022-10-24,420.1017,0
21.259954,105.90059,2022-10-24 05:17:32.671994,2022-10-24,420.0446,0
21.27397,105.909294,2022-10-24 05:17:32.698991,2022-10-24,420.07864,0
21.301996,105.926476,2022-10-24 05:17:32.753024,2022-10-24,419.52386,0
21.316004,105.93502,2022-10-24 05:17:32.780020,2022-10-24,419.0952,0
21.201801,105.88848,2022-10-24 05:17:32.925020,2022-10-24,420.1699,0
21.215813,105.8973,2022-10-24 05:17:32.952017,2022-10-24,420.41333,0
21.22982,105.90606,2022-10-24 05:17:32.979013,2022-10-24,420.3204,0
21.299875,105.94918,2022-10-24 05:17:33.113996,2022-10-24,419.84836,0
21.18576,105.90261,2022-10-24 05:17:33.257990,2022-10-24,420.81348,0
21.19979,105.91142,2022-10-24 05:17:33.285027,2022-10-24,420.32767,0
21.213812,105.92021,2022-10-24 05:17:33.312023,2022-10-24,420.86044,0
21.227833,105.928925,2022-10-24 05:17:33.339019,2022-10-24,420.39957,0
21.269869,105.954796,2022-10-24 05:17:33.420009,2022-10-24,420.32516,0
21.283878,105.96331,2022-10-24 05:17:33.447005,2022-10-24,420.0306,0
21.169767,105.91675,2022-10-24 05:17:33.591000,2022-10-24,420.92923,0
21.183796,105.925575,2022-10-24 05:17:33.617996,2022-10-24,420.5002,0
21.19782,105.93432,2022-10-24 05:17:33.644992,2022-10-24,420.544,0
21.211838,105.94306,2022-10-24 05:17:33.671989,2022-10-24,419.13147,0
21.253874,105.96892,2022-10-24 05:17:33.753018,2022-10-24,419.463,0
21.267881,105.97743,2022-10-24 05:17:33.780015,2022-10-24,419.66443,0
21.153856,105.93087,2022-10-24 05:17:33.925015,2022-10-24,420.53098,0
21.167902,105.93968,2022-10-24 05:17:33.952012,2022-10-24,419.63953,0
21.181944,105.94844,2022-10-24 05:17:33.979008,2022-10-24,420.50958,0
21.195974,105.95718,2022-10-24 05:17:34.006004,2022-10-24,419.10916,0
21.20999,105.965836,2022-10-24 05:17:34.033001,2022-10-24,419.60443,0
21.223999,105.97446,2022-10-24 05:17:34.059997,2022-10-24,418.92352,0
21.15194,105.95379,2022-10-24 05:17:34.285021,2022-10-24,420.01648,0
21.165962,105.96254,2022-10-24 05:17:34.312017,2022-10-24,420.14575,0
21.193989,105.97997,2022-10-24 05:17:34.366010,2022-10-24,419.96088,0
21.207998,105.9886,2022-10-24 05:17:34.393007,2022-10-24,418.7783,0
21.121914,105.95913,2022-10-24 05:17:34.590994,2022-10-24,418.69678,0
21.135937,105.96791,2022-10-24 05:17:34.617990,2022-10-24,420.43515,0
21.149946,105.9767,2022-10-24 05:17:34.645027,2022-10-24,419.69208,0
21.163956,105.98538,2022-10-24 05:17:34.672024,2022-10-24,420.70224,0
21.177958,105.994064,2022-10-24 05:17:34.699020,2022-10-24,420.87167,0
21.191956,106.00273,2022-10-24 05:17:34.726017,2022-10-24,418.81598,0
21.205954,106.01129,2022-10-24 05:17:34.753013,2022-10-24,418.7068,0
21.105808,105.973236,2022-10-24 05:17:34.925010,2022-10-24,419.73532,0
21.119825,105.982056,2022-10-24 05:17:34.952006,2022-10-24,419.40677,0
21.133835,105.99084,2022-10-24 05:17:34.979002,2022-10-24,419.2558,0
21.161856,106.0082,2022-10-24 05:17:35.032995,2022-10-24,419.93115,0
21.101849,106.01911,2022-10-24 05:17:35.645022,2022-10-24,419.98346,0
21.115877,106.02786,2022-10-24 05:17:35.672018,2022-10-24,419.5415,0
21.129911,106.03645,2022-10-24 05:17:35.699015,2022-10-24,419.86426,0
21.143936,106.045074,2022-10-24 05:17:35.726011,2022-10-24,419.5011,0
21.157959,106.05365,2022-10-24 05:17:35.753007,2022-10-24,419.5951,0
21.17198,106.06217,2022-10-24 05:17:35.780004,2022-10-24,418.88785,0
21.08595,106.03315,2022-10-24 05:17:35.978997,2022-10-24,418.8278,0
21.099964,106.04188,2022-10-24 05:17:36.005993,2022-10-24,418.93332,0
21.113972,106.05057,2022-10-24 05:17:36.032990,2022-10-24,419.24432,0
21.127977,106.05918,2022-10-24 05:17:36.060027,2022-10-24,419.821,0
21.141981,106.06776,2022-10-24 05:17:36.087023,2022-10-24,418.82803,0
21.155985,106.07628,2022-10-24 05:17:36.114019,2022-10-24,419.92017,0
21.041908,106.029655,2022-10-24 05:17:36.258014,2022-10-24,419.5652,0
21.083958,106.055984,2022-10-24 05:17:36.339003,2022-10-24,419.54922,0
21.097965,106.06466,2022-10-24 05:17:36.366000,2022-10-24,419.46463,0
21.111969,106.07329,2022-10-24 05:17:36.392996,2022-10-24,419.79382,0
21.125965,106.08186,2022-10-24 05:17:36.419992,2022-10-24,419.40283,0
21.139957,106.090385,2022-10-24 05:17:36.446989,2022-10-24,419.268,0
21.025839,106.04376,2022-10-24 05:17:36.591023,2022-10-24,419.04996,0
21.039848,106.05259,2022-10-24 05:17:36.618020,2022-10-24,419.75186,0
21.053854,106.06137,2022-10-24 05:17:36.645016,2022-10-24,419.8347,0
21.09585,106.087395,2022-10-24 05:17:36.726006,2022-10-24,418.7904,0
21.109844,106.09596,2022-10-24 05:17:36.753002,2022-10-24,419.02347,0
21.123835,106.10449,2022-10-24 05:17:36.779999,2022-10-24,418.86365,0
21.00976,106.05787,2022-10-24 05:17:36.924999,2022-10-24,418.524,0
21.023779,106.066696,2022-10-24 05:17:36.951995,2022-10-24,419.17133,0
21.037794,106.07547,2022-10-24 05:17:36.978992,2022-10-24,419.00308,0
21.051802,106.084206,2022-10-24 05:17:37.005988,2022-10-24,418.9308,0
21.079811,106.10151,2022-10-24 05:17:37.060021,2022-10-24,419.32907,0
21.107813,106.11861,2022-10-24 05:17:37.114014,2022-10-24,418.83823,0
20.99375,106.07197,2022-10-24 05:17:37.258008,2022-10-24,419.58795,0
21.007769,106.08079,2022-10-24 05:17:37.285005,2022-10-24,419.15555,0
21.021782,106.08956,2022-10-24 05:17:37.312001,2022-10-24,419.5903,0
21.035793,106.098274,2022-10-24 05:17:37.338998,2022-10-24,419.37524,0
21.049795,106.10698,2022-10-24 05:17:37.365994,2022-10-24,418.5635,0
21.0638,106.11558,2022-10-24 05:17:37.392991,2022-10-24,418.97095,0
20.977804,106.08603,2022-10-24 05:17:37.591018,2022-10-24,419.5219,0
20.99183,106.094864,2022-10-24 05:17:37.618015,2022-10-24,419.3829,0
21.005852,106.10364,2022-10-24 05:17:37.645011,2022-10-24,419.75342,0
21.01987,106.11235,2022-10-24 05:17:37.672007,2022-10-24,418.8359,0
21.033884,106.12103,2022-10-24 05:17:37.699004,2022-10-24,418.79428,0
21.047892,106.129684,2022-10-24 05:17:37.726000,2022-10-24,419.07758,0
20.961864,106.10008,2022-10-24 05:17:37.924993,2022-10-24,419.5105,0
20.975878,106.10895,2022-10-24 05:17:37.951990,2022-10-24,418.60446,0
20.989891,106.117714,2022-10-24 05:17:37.979026,2022-10-24,418.97342,0
21.003899,106.126434,2022-10-24 05:17:38.006023,2022-10-24,418.91772,0
21.0179,106.135124,2022-10-24 05:17:38.033019,2022-10-24,419.14008,0
21.031904,106.14373,2022-10-24 05:17:38.060016,2022-10-24,418.47263,0
21.045902,106.15231,2022-10-24 05:17:38.087012,2022-10-24,419.33954,0
21.059896,106.16087,2022-10-24 05:17:38.114009,2022-10-24,419.29166,0
20.94581,106.11416,2022-10-24 05:17:38.258003,2022-10-24,419.3569,0
21.001774,106.149216,2022-10-24 05:17:38.365989,2022-10-24,419.2866,0
21.029749,106.16641,2022-10-24 05:17:38.420022,2022-10-24,419.85052,0
21.043747,106.17495,2022-10-24 05:17:38.447018,2022-10-24,419.88336,0
20.9297,106.12826,2022-10-24 05:17:38.591013,2022-10-24,419.86136,0
20.943716,106.13709,2022-10-24 05:17:38.618009,2022-10-24,419.19485,0
20.957724,106.14589,2022-10-24 05:17:38.645005,2022-10-24,418.97815,0
20.97173,106.15463,2022-10-24 05:17:38.672002,2022-10-24,419.0528,0
20.985731,106.1633,2022-10-24 05:17:38.698998,2022-10-24,418.56656,0
20.99973,106.17194,2022-10-24 05:17:38.725995,2022-10-24,418.2069,0
20.913683,106.14235,2022-10-24 05:17:38.924988,2022-10-24,418.7644,0
20.927696,106.15119,2022-10-24 05:17:38.952024,2022-10-24,419.95532,0
20.941706,106.15998,2022-10-24 05:17:38.979021,2022-10-24,419.16544,0
20.969734,106.177376,2022-10-24 05:17:39.033014,2022-10-24,419.54562,0
20.997766,106.194565,2022-10-24 05:17:39.087007,2022-10-24,420.2614,0
21.011778,106.2031,2022-10-24 05:17:39.114003,2022-10-24,420.0928,0
20.911812,106.16524,2022-10-24 05:17:39.284994,2022-10-24,420.54236,0
20.895792,106.179306,2022-10-24 05:17:39.618004,2022-10-24,420.35184,0
20.9238,106.196846,2022-10-24 05:17:39.671997,2022-10-24,420.37778,0
20.9378,106.20552,2022-10-24 05:17:39.698993,2022-10-24,420.30267,0
21.835175,105.565735,2022-10-24 05:17:44.699006,2022-10-24,419.76672,0
21.853119,105.56993,2022-10-24 05:17:44.726002,2022-10-24,418.75748,0
21.836987,105.58398,2022-10-24 05:17:45.060018,2022-10-24,419.19238,0
21.733631,105.595505,2022-10-24 05:17:45.618011,2022-10-24,419.0278,0
21.769318,105.60417,2022-10-24 05:17:45.672004,2022-10-24,419.321,0
21.771378,105.62255,2022-10-24 05:17:46.033016,2022-10-24,418.9372,0
21.789127,105.627144,2022-10-24 05:17:46.060013,2022-10-24,418.95087,0
21.685741,105.6381,2022-10-24 05:17:46.618006,2022-10-24,418.0332,0
21.739273,105.651054,2022-10-24 05:17:46.698995,2022-10-24,421.31802,0
21.705242,105.661354,2022-10-24 05:17:47.006014,2022-10-24,420.97256,0
21.653831,105.66644,2022-10-24 05:17:47.284991,2022-10-24,419.16553,0
21.639757,105.69905,2022-10-24 05:17:47.979012,2022-10-24,418.8146,0
21.693478,105.71178,2022-10-24 05:17:48.060002,2022-10-24,419.87793,0
21.6455,105.75445,2022-10-24 05:17:49.059996,2022-10-24,419.97916,0
21.663563,105.75847,2022-10-24 05:17:49.086993,2022-10-24,419.33588,0
21.492413,105.78935,2022-10-24 05:17:50.258018,2022-10-24,418.05457,0
21.510202,105.79372,2022-10-24 05:17:50.285015,2022-10-24,419.17645,0
21.528002,105.7981,2022-10-24 05:17:50.312011,2022-10-24,420.37723,0
21.581633,105.81103,2022-10-24 05:17:50.393001,2022-10-24,418.6,0
21.478258,105.82198,2022-10-24 05:17:50.952000,2022-10-24,418.39227,0
21.496033,105.826416,2022-10-24 05:17:50.978996,2022-10-24,419.6737,0
21.513824,105.83086,2022-10-24 05:17:51.005993,2022-10-24,419.08795,0
21.531715,105.835144,2022-10-24 05:17:51.032989,2022-10-24,419.20807,0
21.549618,105.83945,2022-10-24 05:17:51.060026,2022-10-24,418.41214,0
21.58567,105.8477,2022-10-24 05:17:51.114018,2022-10-24,413.2536,0
21.444525,105.83167,2022-10-24 05:17:51.258013,2022-10-24,419.73077,0
21.462257,105.83617,2022-10-24 05:17:51.285009,2022-10-24,419.16724,0
21.480024,105.840614,2022-10-24 05:17:51.312006,2022-10-24,419.33688,0
21.497816,105.84506,2022-10-24 05:17:51.339002,2022-10-24,419.66754,0
21.515715,105.84933,2022-10-24 05:17:51.365999,2022-10-24,419.48636,0
21.53366,105.853546,2022-10-24 05:17:51.392995,2022-10-24,419.41357,0
21.551634,105.85775,2022-10-24 05:17:51.419991,2022-10-24,417.94052,0
21.56969,105.86185,2022-10-24 05:17:51.446988,2022-10-24,417.83755,0
21.428516,105.84587,2022-10-24 05:17:51.591022,2022-10-24,419.03876,0
21.464045,105.85475,2022-10-24 05:17:51.645015,2022-10-24,418.37006,0
21.499733,105.863464,2022-10-24 05:17:51.699008,2022-10-24,418.98337,0
21.517666,105.867714,2022-10-24 05:17:51.726005,2022-10-24,419.5207,0
21.535654,105.871895,2022-10-24 05:17:51.753001,2022-10-24,418.3824,0
21.55367,105.87606,2022-10-24 05:17:51.779998,2022-10-24,416.83847,0
21.430273,105.86447,2022-10-24 05:17:51.951994,2022-10-24,419.22937,0
21.448055,105.8689,2022-10-24 05:17:51.978991,2022-10-24,418.74533,0
21.465885,105.87327,2022-10-24 05:17:52.006027,2022-10-24,418.98352,0
21.483759,105.87759,2022-10-24 05:17:52.033024,2022-10-24,419.10568,0
21.51964,105.88609,2022-10-24 05:17:52.087017,2022-10-24,418.86954,0
21.537703,105.890175,2022-10-24 05:17:52.114013,2022-10-24,418.98178,0
21.396532,105.87417,2022-10-24 05:17:52.258008,2022-10-24,419.44284,0
21.414276,105.87863,2022-10-24 05:17:52.285004,2022-10-24,418.78357,0
21.432066,105.88304,2022-10-24 05:17:52.312000,2022-10-24,417.92725,0
21.44984,105.88752,2022-10-24 05:17:52.338997,2022-10-24,419.3345,0
21.467745,105.89178,2022-10-24 05:17:52.365993,2022-10-24,418.6247,0
21.380547,105.88829,2022-10-24 05:17:52.591017,2022-10-24,418.83093,0
21.398277,105.892784,2022-10-24 05:17:52.618014,2022-10-24,419.09927,0
21.416065,105.897194,2022-10-24 05:17:52.645010,2022-10-24,418.4762,0
21.451752,105.90592,2022-10-24 05:17:52.699003,2022-10-24,418.6124,0
21.505724,105.91845,2022-10-24 05:17:52.779992,2022-10-24,417.82587,0
21.364561,105.902405,2022-10-24 05:17:52.924993,2022-10-24,419.70206,0
21.43578,105.92001,2022-10-24 05:17:53.033018,2022-10-24,418.3733,0
21.471691,105.92847,2022-10-24 05:17:53.087011,2022-10-24,417.57425,0
21.489721,105.93261,2022-10-24 05:17:53.114008,2022-10-24,418.2674,0
21.348566,105.916534,2022-10-24 05:17:53.258002,2022-10-24,419.43756,0
21.366287,105.92104,2022-10-24 05:17:53.284998,2022-10-24,419.57007,0
21.384062,105.92549,2022-10-24 05:17:53.311995,2022-10-24,418.72687,0
21.419777,105.93416,2022-10-24 05:17:53.366028,2022-10-24,418.95764,0
21.35027,105.93522,2022-10-24 05:17:53.618008,2022-10-24,419.50726,0
21.403786,105.94828,2022-10-24 05:17:53.698997,2022-10-24,419.0101,0
21.4217,105.95257,2022-10-24 05:17:53.725994,2022-10-24,418.49744,0
21.43968,105.956764,2022-10-24 05:17:53.752990,2022-10-24,418.35907,0
21.457708,105.960915,2022-10-24 05:17:53.779987,2022-10-24,418.5665,0
21.334263,105.949356,2022-10-24 05:17:53.952024,2022-10-24,419.5315,0
21.387749,105.96249,2022-10-24 05:17:54.033013,2022-10-24,418.3449,0
21.423664,105.97093,2022-10-24 05:17:54.087006,2022-10-24,419.17108,0
21.30055,105.95895,2022-10-24 05:17:54.257997,2022-10-24,419.49835,0
21.336042,105.96791,2022-10-24 05:17:54.311990,2022-10-24,419.27234,0
21.371733,105.97664,2022-10-24 05:17:54.366023,2022-10-24,419.47913,0
21.302261,105.97759,2022-10-24 05:17:54.618003,2022-10-24,419.42282,0
21.320034,105.98205,2022-10-24 05:17:54.644999,2022-10-24,419.43628,0
21.355753,105.990715,2022-10-24 05:17:54.698992,2022-10-24,419.08682,0
21.40968,106.00335,2022-10-24 05:17:54.780022,2022-10-24,418.26953,0
21.286251,105.99172,2022-10-24 05:17:54.952018,2022-10-24,419.8266,0
21.339725,106.004875,2022-10-24 05:17:55.033008,2022-10-24,418.9609,0
21.28804,106.01024,2022-10-24 05:17:55.312024,2022-10-24,418.95178,0
21.305887,106.01458,2022-10-24 05:17:55.339021,2022-10-24,419.3513,0
21.323751,106.01893,2022-10-24 05:17:55.366017,2022-10-24,419.1853,0
21.377668,106.03159,2022-10-24 05:17:55.447006,2022-10-24,419.4545,0
21.291737,106.04715,2022-10-24 05:17:56.033002,2022-10-24,419.15326,0
21.309664,106.051414,2022-10-24 05:17:56.059999,2022-10-24,419.34482,0
21.327625,106.05566,2022-10-24 05:17:56.086995,2022-10-24,419.0336,0
21.204472,106.04369,2022-10-24 05:17:56.258026,2022-10-24,419.6722,0
21.239893,106.05281,2022-10-24 05:17:56.312019,2022-10-24,419.21478,0
21.257841,106.056946,2022-10-24 05:17:56.339015,2022-10-24,418.6195,0
21.275688,106.061325,2022-10-24 05:17:56.366012,2022-10-24,418.8723,0
21.329649,106.07391,2022-10-24 05:17:56.447001,2022-10-24,419.30878,0
21.206207,106.062256,2022-10-24 05:17:56.617992,2022-10-24,419.57703,0
21.259663,106.075455,2022-10-24 05:17:56.699021,2022-10-24,419.07864,0
21.277626,106.07965,2022-10-24 05:17:56.726018,2022-10-24,419.48953,0
21.295603,106.08387,2022-10-24 05:17:56.753014,2022-10-24,419.65253,0
21.31363,106.08803,2022-10-24 05:17:56.780011,2022-10-24,417.98703,0
21.297598,106.102165,2022-10-24 05:17:57.113986,2022-10-24,418.5436,0
21.156416,106.086006,2022-10-24 05:17:57.258021,2022-10-24,419.02325,0
21.174154,106.09049,2022-10-24 05:17:57.285017,2022-10-24,419.79248,0
21.191938,106.094925,2022-10-24 05:17:57.312014,2022-10-24,417.88565,0
21.24557,106.1079,2022-10-24 05:17:57.393003,2022-10-24,418.4362,0
21.175915,106.109024,2022-10-24 05:17:57.645023,2022-10-24,419.2759,0
21.12437,106.114204,2022-10-24 05:17:57.925005,2022-10-24,419.80423,0
21.142063,106.11878,2022-10-24 05:17:57.952002,2022-10-24,418.12955,0
21.159891,106.12312,2022-10-24 05:17:57.978998,2022-10-24,418.73322,0
21.17772,106.1275,2022-10-24 05:17:58.005995,2022-10-24,419.58865,0
21.126083,106.13278,2022-10-24 05:17:58.285012,2022-10-24,418.2618,0
21.161692,106.1416,2022-10-24 05:17:58.339005,2022-10-24,418.64874,0
21.127836,106.15131,2022-10-24 05:17:58.645018,2022-10-24,418.2869,0
21.145664,106.1557,2022-10-24 05:17:58.672014,2022-10-24,418.69675,0
21.16354,106.16003,2022-10-24 05:17:58.699011,2022-10-24,418.64157,0
21.147509,106.17412,2022-10-24 05:17:59.033026,2022-10-24,418.44467,0
21.165432,106.1784,2022-10-24 05:17:59.060023,2022-10-24,419.04733,0
21.201418,106.18682,2022-10-24 05:17:59.114015,2022-10-24,419.99588,0
21.06026,106.170555,2022-10-24 05:17:59.258010,2022-10-24,418.948,0
21.077995,106.17505,2022-10-24 05:17:59.285006,2022-10-24,419.37747,0
21.113604,106.183876,2022-10-24 05:17:59.338999,2022-10-24,418.63934,0
21.131477,106.18821,2022-10-24 05:17:59.365995,2022-10-24,418.93716,0
21.185402,106.20088,2022-10-24 05:17:59.447025,2022-10-24,418.92645,0
21.115444,106.20229,2022-10-24 05:17:59.699005,2022-10-24,418.7564,0
21.11733,106.22066,2022-10-24 05:18:00.060017,2022-10-24,418.53818,0
21.135294,106.22491,2022-10-24 05:18:00.087013,2022-10-24,419.69617,0
21.012161,106.212776,2022-10-24 05:18:00.258004,2022-10-24,420.06104,0
21.051313,106.25856,2022-10-24 05:18:01.033015,2022-10-24,420.68326,0
21.053177,106.276955,2022-10-24 05:18:01.393021,2022-10-24,419.56943,0
20.97295,106.347244,2022-10-24 05:18:03.060001,2022-10-24,419.22528,0
21.30042,106.68926,2022-10-24 05:18:05.446992,2022-10-24,413.89694,0
21.655027,105.90229,2022-10-24 05:18:11.726017,2022-10-24,417.68887,0
21.589247,105.92227,2022-10-24 05:18:12.005999,2022-10-24,418.61118,0
21.614174,105.91924,2022-10-24 05:18:12.032996,2022-10-24,417.78168,0
21.648396,105.927185,2022-10-24 05:18:12.419998,2022-10-24,418.3887,0
21.673616,105.92411,2022-10-24 05:18:12.446995,2022-10-24,418.29504,0
21.483473,105.95883,2022-10-24 05:18:12.590989,2022-10-24,418.79056,0
