date,latitude,longitude,time,xco2,xco2_quality_flag,rice_proportion_in_buffer,is_rice_influenced
2024-01-02,18.661495,105.406420,2024-01-02 06:23:19.228017152,420.548430,0.000000,0.358025,True
2024-01-02,18.859920,105.375660,2024-01-02 06:23:22.975009536,424.292850,0.000000,0.444444,True
2024-01-02,18.852098,105.381880,2024-01-02 06:23:23.002005760,424.097780,0.000000,0.567901,True
2024-01-02,18.836267,105.394120,2024-01-02 06:23:23.055998720,422.887730,0.000000,0.567901,True
2024-01-02,18.844206,105.388040,2024-01-02 06:23:23.029002240,424.179630,0.000000,0.555556,True
2024-01-27,12.622003,108.445540,2024-01-27 06:15:12.749022208,423.124900,0.000000,0.395062,True
2024-02-03,10.507984,107.403145,2024-02-03 06:20:36.228015872,422.233000,0.000000,0.370370,True
2024-02-03,10.890032,107.337850,2024-02-03 06:20:43.748997120,422.918640,0.000000,0.481481,True
2024-02-03,10.887420,107.333630,2024-02-03 06:20:43.363000320,421.527920,0.000000,0.345679,True
2024-02-03,10.878670,107.338005,2024-02-03 06:20:43.388991232,421.632050,0.000000,0.308642,True
2024-02-03,10.950557,107.324760,2024-02-03 06:20:44.748991744,422.529850,0.000000,0.333333,True
2024-02-05,11.218462,108.360695,2024-02-05 06:09:11.389002752,422.612980,0.000000,0.382716,True
2024-02-05,11.208145,108.365524,2024-02-05 06:09:11.415999232,420.824830,0.000000,0.395062,True
2024-02-10,9.463078,106.017120,2024-02-10 06:26:49.562020096,425.479000,0.000000,0.543210,True
2024-02-10,9.445182,106.025085,2024-02-10 06:26:49.615006976,426.020720,0.000000,0.382716,True
2024-02-10,9.456316,106.024666,2024-02-10 06:26:49.975013376,427.292140,0.000000,0.617284,True
2024-02-10,9.476480,106.020300,2024-02-10 06:26:50.308988416,424.868400,0.000000,0.567901,True
2024-02-10,9.467517,106.024070,2024-02-10 06:26:50.336025088,425.412900,0.000000,0.580247,True
2024-02-10,9.458499,106.027770,2024-02-10 06:26:50.363021312,427.066100,0.000000,0.580247,True
2024-02-10,9.469620,106.027040,2024-02-10 06:26:50.722987520,425.872070,0.000000,0.617284,True
2024-02-10,9.474316,106.016850,2024-02-10 06:26:49.921020160,424.680300,0.000000,0.518519,True
2024-02-10,9.465336,106.020800,2024-02-10 06:26:49.948016640,425.425100,0.000000,0.617284,True
2024-02-28,13.977980,108.096245,2024-02-28 06:16:00.028991232,422.489470,0.000000,0.617284,True
2024-02-28,12.553311,108.404884,2024-02-28 06:15:35.562014464,423.172100,0.000000,0.370370,True
2024-02-28,12.558057,108.409225,2024-02-28 06:15:36.723022336,423.599400,0.000000,0.456790,True
2024-02-28,12.548696,108.411860,2024-02-28 06:15:36.749012736,422.826350,0.000000,0.308642,True
2024-02-28,12.556555,108.408134,2024-02-28 06:15:36.336019456,423.391700,0.000000,0.456790,True
2024-02-28,13.943299,108.097440,2024-02-28 06:15:58.562010624,422.863220,0.000000,0.333333,True
2024-02-28,13.963436,108.093020,2024-02-28 06:15:58.895020288,423.209530,0.000000,0.617284,True
2024-02-28,13.945228,108.099990,2024-02-28 06:15:58.948007168,422.956730,0.000000,0.370370,True
2024-02-28,13.983541,108.088500,2024-02-28 06:15:59.227989760,421.929960,0.000000,0.432099,True
2024-02-28,13.974451,108.092020,2024-02-28 06:15:59.255026432,422.223700,0.000000,0.617284,True
2024-02-28,13.946979,108.102120,2024-02-28 06:15:59.336015616,422.880340,0.000000,0.395062,True
2024-02-28,13.985421,108.090920,2024-02-28 06:15:59.614992128,422.091160,0.000000,0.345679,True
2024-02-28,13.976219,108.094310,2024-02-28 06:15:59.641988608,422.531620,0.000000,0.617284,True
2024-02-28,13.948662,108.103910,2024-02-28 06:15:59.723018240,423.094700,0.000000,0.382716,True
2024-02-28,13.965328,108.095470,2024-02-28 06:15:59.282022656,422.723660,0.000000,0.641975,True
2024-02-28,13.967076,108.097590,2024-02-28 06:15:59.669025280,422.933300,0.000000,0.629630,True
2024-02-28,13.979638,108.097650,2024-02-28 06:16:00.415993600,422.120880,0.000000,0.580247,True
2024-02-28,13.968761,108.099360,2024-02-28 06:16:00.055987712,422.570430,0.000000,0.580247,True
2024-03-08,12.406343,108.209400,2024-03-08 06:09:39.363021312,419.564900,0.000000,0.395062,True
2024-03-08,12.443787,108.200670,2024-03-08 06:09:40.029000192,423.211180,0.000000,0.333333,True
2024-03-22,10.175684,105.800200,2024-03-22 06:20:46.562017536,424.462650,0.000000,0.543210,True
2024-03-22,10.183932,105.794300,2024-03-22 06:20:46.921017600,424.390530,0.000000,0.456790,True
2024-03-22,10.200323,105.782250,2024-03-22 06:20:47.641995520,423.923430,0.000000,0.370370,True
2024-03-22,10.189979,105.780510,2024-03-22 06:20:47.668992000,424.227700,0.000000,0.419753,True
2024-03-22,10.770851,105.653840,2024-03-22 06:20:57.615025408,423.171600,0.000000,0.580247,True
2024-03-22,10.776974,105.640690,2024-03-22 06:20:58.362999552,424.301670,0.000000,0.506173,True
2024-03-22,10.202565,105.789894,2024-03-22 06:20:47.254992896,424.828400,0.000000,0.395062,True
2024-04-09,11.233692,108.607890,2024-04-09 06:08:49.587994624,422.682130,0.000000,0.345679,True
2024-04-09,11.233407,108.593530,2024-04-09 06:08:49.974996992,422.836760,0.000000,0.308642,True
2024-04-09,11.214548,108.568340,2024-04-09 06:08:50.415992576,423.182920,0.000000,0.320988,True
2024-04-09,11.261283,108.565390,2024-04-09 06:08:51.056021248,422.875760,0.000000,0.555556,True
2024-04-09,11.251929,108.560020,2024-04-09 06:08:51.083017472,421.986720,0.000000,0.530864,True
2024-04-09,11.681175,108.464520,2024-04-09 06:08:58.748998912,423.574900,0.000000,0.419753,True
2024-04-09,11.671986,108.473950,2024-04-09 06:08:58.388992768,423.492430,0.000000,0.419753,True
2024-04-16,10.466767,107.279450,2024-04-16 06:14:39.228021248,424.140140,0.000000,0.407407,True
2024-04-16,10.505611,107.253560,2024-04-16 06:14:40.282008576,424.372900,0.000000,0.555556,True
2024-04-16,10.469810,107.244060,2024-04-16 06:14:40.001986048,423.913820,0.000000,0.358025,True
2024-04-16,10.468201,107.261900,2024-04-16 06:14:39.615023616,424.735700,0.000000,0.469136,True
2024-04-16,10.478294,107.250916,2024-04-16 06:14:39.974989568,423.696080,0.000000,0.407407,True
2024-04-16,10.522891,107.266900,2024-04-16 06:14:40.228015872,423.300320,0.000000,0.407407,True
2024-04-16,10.498738,107.228745,2024-04-16 06:14:40.696007680,423.988430,0.000000,0.592593,True
2024-04-16,10.480039,107.232920,2024-04-16 06:14:40.362998016,424.088930,0.000000,0.407407,True
2024-04-16,10.524326,107.249360,2024-04-16 06:14:40.615018240,423.283050,0.000000,0.530864,True
2024-04-16,10.515713,107.242540,2024-04-16 06:14:40.642014720,424.554350,0.000000,0.530864,True
2024-04-16,10.507216,107.235695,2024-04-16 06:14:40.669011200,424.507570,0.000000,0.592593,True
2024-04-16,10.488513,107.239870,2024-04-16 06:14:40.336001280,424.494350,0.000000,0.481481,True
2024-04-16,10.514251,107.260284,2024-04-16 06:14:40.255012352,423.686700,0.000000,0.456790,True
2024-04-16,10.497004,107.246720,2024-04-16 06:14:40.309005056,424.108250,0.000000,0.580247,True
2024-04-23,9.319226,106.004700,2024-04-23 06:20:12.749004288,424.629760,0.000000,0.358025,True
2024-04-23,9.333589,106.022020,2024-04-23 06:20:12.696017152,423.488530,0.000000,0.382716,True
2024-04-23,9.326385,106.013390,2024-04-23 06:20:12.723013888,424.535860,0.000000,0.506173,True
2024-04-23,9.438995,105.987460,2024-04-23 06:20:14.723002880,423.957370,0.000000,0.567901,True
2024-05-25,9.463661,106.146920,2024-05-25 06:19:53.749027072,427.475800,0.000000,0.358025,True
2024-05-25,9.523491,106.145830,2024-05-25 06:19:54.722990848,426.582520,0.000000,0.592593,True
2024-05-25,9.486062,106.154130,2024-05-25 06:19:54.056005632,426.817660,0.000000,0.333333,True
2024-05-25,9.445080,106.151030,2024-05-25 06:19:53.416017408,426.849060,0.000000,0.456790,True
2024-06-12,13.456077,108.375050,2024-06-12 06:09:11.587995904,424.573120,0.000000,0.395062,True
2024-06-12,13.460636,108.385910,2024-06-12 06:09:11.562005248,424.622220,0.000000,0.382716,True
2024-06-12,12.626223,108.539764,2024-06-12 06:08:56.974999552,424.432430,0.000000,0.345679,True
2024-06-12,13.474784,108.370780,2024-06-12 06:09:11.921005568,423.833860,0.000000,0.518519,True
2024-06-12,13.441934,108.390160,2024-06-12 06:09:11.227989760,424.382500,0.000000,0.629630,True
2024-06-12,11.798549,108.763115,2024-06-12 06:08:41.895016704,422.467860,0.000000,0.333333,True
2024-06-12,20.723028,106.632286,2024-06-12 06:11:21.642007808,422.924470,0.000000,0.432099,True
2024-06-12,13.470273,108.359825,2024-06-12 06:09:11.948001792,422.907780,0.000000,0.419753,True
2024-06-12,12.640891,108.524310,2024-06-12 06:08:57.336011264,424.147250,0.000000,0.395062,True
2024-06-12,13.493466,108.366520,2024-06-12 06:09:12.255021056,423.996950,0.000000,0.469136,True
2024-07-05,20.384922,106.457260,2024-07-05 06:17:58.082987776,423.664730,0.000000,0.580247,True
2024-07-05,20.371618,106.470370,2024-07-05 06:17:57.723021824,424.890440,0.000000,0.444444,True
2024-07-05,20.378431,106.478820,2024-07-05 06:17:57.696025344,423.202670,0.000000,0.481481,True
2024-07-05,20.413378,106.520220,2024-07-05 06:17:57.562008832,421.921720,0.000000,0.444444,True
2024-07-05,20.331484,106.479576,2024-07-05 06:17:57.055996672,420.642700,0.000000,0.555556,True
2024-07-05,20.358356,106.483430,2024-07-05 06:17:57.363015680,424.237340,0.000000,0.518519,True
2024-07-05,20.338282,106.488045,2024-07-05 06:17:57.029000192,423.427150,0.000000,0.617284,True
2024-07-05,20.345133,106.496460,2024-07-05 06:17:57.002003712,423.980740,0.000000,0.493827,True
2024-07-05,20.352013,106.504810,2024-07-05 06:17:56.975007232,423.566000,0.000000,0.456790,True
2024-07-05,20.351551,106.474970,2024-07-05 06:17:57.389006336,425.715800,0.000000,0.506173,True
2024-07-05,20.492811,106.472290,2024-07-05 06:17:59.309011968,424.212520,0.000000,0.419753,True
2024-07-05,20.646511,106.427020,2024-07-05 06:18:02.002017024,423.626460,0.000000,0.333333,True
2024-07-05,20.505940,106.459350,2024-07-05 06:17:59.669018112,420.598570,0.000000,0.382716,True
2024-07-05,20.574429,106.482820,2024-07-05 06:18:00.228017408,422.603400,0.000000,0.567901,True
2024-07-05,20.532320,106.433365,2024-07-05 06:18:00.388989952,422.588840,0.000000,0.444444,True
2024-07-05,20.680790,106.438736,2024-07-05 06:18:02.281999360,423.539980,0.000000,0.308642,True
2024-07-05,20.673672,106.430530,2024-07-05 06:18:02.308995840,423.338170,0.000000,0.395062,True
2024-07-05,20.666674,106.422320,2024-07-05 06:18:02.335992064,424.617340,0.000000,0.493827,True
2024-07-05,20.714014,106.421130,2024-07-05 06:18:02.975015168,422.541260,0.000000,0.469136,True
2024-07-05,20.512886,106.467630,2024-07-05 06:17:59.642021632,420.088040,0.000000,0.333333,True
2024-07-05,20.359013,106.513150,2024-07-05 06:17:56.948011008,421.935120,0.000000,0.506173,True
2024-07-05,20.318151,106.492780,2024-07-05 06:17:56.695990528,423.090200,0.000000,0.395062,True
2024-07-05,20.366062,106.521416,2024-07-05 06:17:56.921014528,421.869930,0.000000,0.580247,True
2024-07-05,20.298534,106.527466,2024-07-05 06:17:55.948016384,420.965240,0.000000,0.518519,True
2024-07-05,20.318697,106.522705,2024-07-05 06:17:56.281991424,423.094360,0.000000,0.407407,True
2024-07-05,20.345896,106.526200,2024-07-05 06:17:56.588004864,422.694900,0.000000,0.456790,True
2024-07-05,20.338854,106.517930,2024-07-05 06:17:56.615001088,425.133640,0.000000,0.444444,True
2024-07-05,20.331861,106.509575,2024-07-05 06:17:56.641997824,425.020800,0.000000,0.432099,True
2024-07-05,20.324990,106.501220,2024-07-05 06:17:56.668994304,421.130520,0.000000,0.382716,True
2024-07-05,21.329748,106.238150,2024-07-05 06:18:13.749006080,423.261020,0.000000,0.419753,True
2024-07-05,21.258165,106.293785,2024-07-05 06:18:11.975006464,425.115800,0.000000,0.444444,True
2024-07-05,21.250950,106.285830,2024-07-05 06:18:12.002002944,423.849120,0.000000,0.518519,True
2024-07-05,21.243755,106.277780,2024-07-05 06:18:12.028999424,422.324900,0.000000,0.432099,True
2024-07-05,21.300392,106.312640,2024-07-05 06:18:12.227992576,423.278440,0.000000,0.308642,True
2024-07-05,21.270990,106.281130,2024-07-05 06:18:12.336018432,425.943700,0.000000,0.320988,True
2024-07-05,21.256636,106.264990,2024-07-05 06:18:12.389005312,425.350400,0.000000,0.518519,True
2024-07-05,21.249525,106.256840,2024-07-05 06:18:12.416001792,426.263600,0.000000,0.530864,True
2024-07-05,21.269543,106.252170,2024-07-05 06:18:12.749011456,426.510280,0.000000,0.308642,True
2024-08-06,16.454123,107.678110,2024-08-06 06:15:35.363021312,423.989100,0.000000,0.567901,True
2024-08-06,16.446356,107.671110,2024-08-06 06:15:35.389012224,422.286440,0.000000,0.493827,True
2024-08-06,16.458714,107.659610,2024-08-06 06:15:35.749018112,423.552580,0.000000,0.493827,True
2024-08-06,16.461931,107.685040,2024-08-06 06:15:35.336025088,424.072300,0.000000,0.518519,True
2024-08-06,16.466448,107.666660,2024-08-06 06:15:35.722987520,424.125550,0.000000,0.456790,True
2024-08-06,16.469765,107.691900,2024-08-06 06:15:35.308988416,423.709870,0.000000,0.358025,True
2024-08-06,16.433983,107.682556,2024-08-06 06:15:35.029006080,422.261800,0.000000,0.469136,True
2024-08-06,16.441780,107.689500,2024-08-06 06:15:35.002009600,423.627930,0.000000,0.580247,True
2024-08-06,16.449600,107.696365,2024-08-06 06:15:34.975013376,423.877170,0.000000,0.617284,True
2024-08-06,16.457540,107.703200,2024-08-06 06:15:34.948016640,424.035430,0.000000,0.333333,True
2024-08-06,16.372782,107.739060,2024-08-06 06:15:33.228009984,421.954650,0.000000,0.444444,True
2024-08-06,16.429413,107.700810,2024-08-06 06:15:34.642003456,422.394900,0.000000,0.333333,True
2024-08-06,16.437347,107.707664,2024-08-06 06:15:34.615006976,424.854000,0.000000,0.320988,True
2024-08-06,16.412987,107.730070,2024-08-06 06:15:33.894994688,424.150150,0.000000,0.518519,True
2024-08-06,13.515599,108.359856,2024-08-06 06:14:46.282016256,421.719060,0.000000,0.530864,True
2024-08-06,13.469336,108.388790,2024-08-06 06:14:45.227988736,421.056270,0.000000,0.395062,True
2024-08-09,13.951180,109.001680,2024-08-09 10:11:36.292005632,423.291200,0.000000,0.308642,True
2024-08-09,14.038412,109.030450,2024-08-09 10:11:35.426993152,422.227720,0.000000,0.308642,True
2024-08-09,13.865889,109.105360,2024-08-09 10:11:38.346027776,423.528870,0.000000,0.370370,True
2024-08-09,13.964233,109.068280,2024-08-09 10:11:36.733000704,423.042940,0.000000,0.395062,True
2024-08-09,13.934526,109.014510,2024-08-09 10:11:36.625015296,423.483500,0.000000,0.493827,True
2024-08-09,13.888294,109.145630,2024-08-09 10:11:38.427016960,422.777070,0.000000,0.444444,True
2024-08-15,13.563887,108.336950,2024-08-15 06:08:41.921007360,422.956700,0.000000,0.333333,True
2024-08-15,13.496875,108.361350,2024-08-15 06:08:40.562012416,421.809050,0.000000,0.506173,True
2024-08-15,13.515759,108.357000,2024-08-15 06:08:40.895022080,422.234830,0.000000,0.518519,True
2024-08-15,13.507427,108.350010,2024-08-15 06:08:40.921012992,422.699400,0.000000,0.493827,True
2024-08-15,13.553424,108.348230,2024-08-15 06:08:41.562007040,422.043550,0.000000,0.419753,True
2024-08-15,13.545080,108.341255,2024-08-15 06:08:41.587997696,422.771030,0.000000,0.543210,True
2024-08-15,13.536741,108.334175,2024-08-15 06:08:41.614994176,423.499270,0.000000,0.567901,True
2024-08-15,13.520250,108.319810,2024-08-15 06:08:41.668987136,421.815280,0.000000,0.308642,True
2024-08-15,13.512085,108.312515,2024-08-15 06:08:41.696023808,421.884000,0.000000,0.456790,True
2024-08-15,13.501442,108.324165,2024-08-15 06:08:41.336017664,421.771640,0.000000,0.358025,True
2024-08-15,13.565986,108.318504,2024-08-15 06:08:42.309015808,422.571750,0.000000,0.530864,True
2024-08-15,16.470522,107.627495,2024-08-15 06:09:34.336011776,421.202100,0.000000,0.506173,True
2024-08-15,16.432756,107.652170,2024-08-15 06:09:33.282024448,421.483220,0.000000,0.481481,True
2024-08-15,16.545149,107.609580,2024-08-15 06:09:35.669015808,421.703950,0.000000,0.308642,True
2024-08-15,13.552095,108.285164,2024-08-15 06:08:42.749005312,421.958070,0.000000,0.382716,True
2024-08-15,16.498756,107.612920,2024-08-15 06:09:35.028987136,421.355300,0.000000,0.345679,True
2024-08-15,16.526505,107.614120,2024-08-15 06:09:35.336006144,421.151250,0.000000,0.518519,True
2024-08-15,13.557784,108.311320,2024-08-15 06:08:42.336012032,421.883270,0.000000,0.506173,True
2024-08-15,13.539028,108.315540,2024-08-15 06:08:42.001996544,422.459660,0.000000,0.358025,True
2024-08-15,13.547225,108.322700,2024-08-15 06:08:41.975000064,421.978150,0.000000,0.493827,True
2024-08-15,13.555539,108.329865,2024-08-15 06:08:41.948003840,423.220640,0.000000,0.580247,True
2024-08-15,16.469883,107.658590,2024-08-15 06:09:33.562006784,420.693330,0.000000,0.407407,True
2024-08-15,16.470140,107.643135,2024-08-15 06:09:33.948003328,422.065060,0.000000,0.419753,True
2024-08-15,16.451840,107.631860,2024-08-15 06:09:34.001996288,422.457240,0.000000,0.493827,True
2024-09-16,19.939081,105.664566,2024-09-16 09:14:47.391002368,423.260960,0.000000,0.530864,True
2024-09-16,17.253270,106.783710,2024-09-16 06:10:39.749014272,422.162300,0.000000,0.493827,True
2024-09-16,19.837120,105.639080,2024-09-16 09:14:45.977008896,422.971280,0.000000,0.419753,True
2024-09-16,17.248140,106.793280,2024-09-16 06:10:39.002005760,420.048400,0.000000,0.592593,True
2024-09-16,17.256080,106.788640,2024-09-16 06:10:39.363017472,421.686220,0.000000,0.419753,True
2024-09-16,17.245363,106.788506,2024-09-16 06:10:39.389008384,421.739900,0.000000,0.617284,True
2024-09-16,17.234627,106.788280,2024-09-16 06:10:39.416004608,419.216130,0.000000,0.456790,True
2024-09-16,17.250908,106.797760,2024-09-16 06:10:38.615003136,420.863680,0.000000,0.407407,True
2024-09-16,19.914606,105.684070,2024-09-16 09:14:47.337009664,421.065980,0.000000,0.419753,True
2024-10-05,22.084965,103.860170,2024-10-05 02:05:58.352002560,422.568420,0.000000,0.456790,True
2024-10-05,22.487537,104.215400,2024-10-05 02:06:06.685008896,422.420530,0.000000,0.370370,True
2024-10-05,22.096502,103.849700,2024-10-05 02:05:58.378999040,423.444030,0.000000,0.567901,True
2024-10-05,22.512575,104.279020,2024-10-05 02:06:07.631010816,421.957300,0.000000,0.370370,True
2024-10-05,22.015188,103.922410,2024-10-05 02:05:58.190023936,421.887760,0.000000,0.493827,True
2024-10-05,22.551888,104.272450,2024-10-05 02:06:08.018013184,422.090060,0.000000,0.358025,True
2024-10-05,22.563450,104.262010,2024-10-05 02:06:08.045009664,421.407200,0.000000,0.432099,True
2024-10-05,22.579412,104.276270,2024-10-05 02:06:08.379025152,420.893650,0.000000,0.308642,True
2024-10-05,22.616167,104.329500,2024-10-05 02:06:09.352023296,421.519600,0.000000,0.419753,True
2024-10-05,22.560741,104.321800,2024-10-05 02:06:08.631005184,421.689730,0.000000,0.530864,True
2024-10-05,22.595509,104.290520,2024-10-05 02:06:08.711994624,421.415000,0.000000,0.407407,True
2024-10-05,22.611660,104.304780,2024-10-05 02:06:09.045004288,423.068420,0.000000,0.407407,True
2024-10-05,22.524190,104.268620,2024-10-05 02:06:07.658007040,421.582150,0.000000,0.555556,True
2024-10-05,22.042990,103.926240,2024-10-05 02:05:58.549989632,422.728580,0.000000,0.506173,True
2024-10-05,22.604605,104.339905,2024-10-05 02:06:09.325027072,421.136630,0.000000,0.456790,True
2024-10-05,22.643778,104.333360,2024-10-05 02:06:09.711989248,421.276030,0.000000,0.320988,True
2024-10-06,18.055430,106.404540,2024-10-06 01:17:54.364024320,423.650700,0.000000,0.432099,True
2024-10-13,10.406933,106.706790,2024-10-13 08:48:18.075020288,422.662170,0.000000,0.395062,True
2024-10-13,10.400404,106.750250,2024-10-13 08:48:18.129012992,422.439330,0.000000,0.345679,True
2024-10-14,22.368706,103.500110,2024-10-14 07:57:51.590007808,421.312930,0.000000,0.308642,True
2024-10-14,20.016580,105.553410,2024-10-14 07:58:40.283004672,421.329100,0.000000,0.333333,True
2024-10-14,20.082417,105.579650,2024-10-14 07:58:39.725011456,422.548830,0.000000,0.469136,True
2024-10-14,20.090776,105.592980,2024-10-14 07:58:39.752007680,422.938260,0.000000,0.469136,True
2024-10-14,20.032877,105.539760,2024-10-14 07:58:39.949995008,421.816130,0.000000,0.308642,True
2024-10-14,20.049452,105.566580,2024-10-14 07:58:40.004028160,422.502700,0.000000,0.432099,True
2024-10-14,20.074497,105.606660,2024-10-14 07:58:40.085017344,422.881320,0.000000,0.395062,True
2024-10-14,19.951588,105.608360,2024-10-14 07:58:41.617014528,422.785430,0.000000,0.370370,True
2024-10-14,19.943350,105.594925,2024-10-14 07:58:41.590018304,422.861240,0.000000,0.555556,True
2024-10-14,19.983856,105.540260,2024-10-14 07:58:40.562987008,421.460660,0.000000,0.382716,True
2024-10-14,19.959608,105.581180,2024-10-14 07:58:41.256002816,422.670600,0.000000,0.320988,True
2024-10-14,19.967854,105.594630,2024-10-14 07:58:41.282999296,422.702760,0.000000,0.345679,True
2024-10-14,19.976116,105.608050,2024-10-14 07:58:41.309995776,421.737030,0.000000,0.320988,True
2024-10-14,19.715416,105.786850,2024-10-14 07:58:46.256015872,423.384030,0.000000,0.358025,True
2024-10-14,19.830217,105.812270,2024-10-14 07:58:45.084990208,423.247380,0.000000,0.395062,True
2024-10-14,19.723639,105.800280,2024-10-14 07:58:46.283012352,423.369320,0.000000,0.345679,True
2024-10-14,19.731880,105.813675,2024-10-14 07:58:46.310008832,423.310800,0.000000,0.530864,True
2024-10-14,19.740147,105.827050,2024-10-14 07:58:46.337005056,422.951750,0.000000,0.543210,True
2024-10-14,19.690928,105.787020,2024-10-14 07:58:46.562994688,423.551640,0.000000,0.407407,True
2024-10-14,19.674610,105.800610,2024-10-14 07:58:46.896004352,423.146500,0.000000,0.518519,True
2024-10-14,19.707363,105.813920,2024-10-14 07:58:46.616987648,423.802920,0.000000,0.530864,True
2024-10-18,19.717243,105.818720,2024-10-18 06:10:50.561991168,419.822750,0.000000,0.592593,True
2024-10-18,19.698792,105.823660,2024-10-18 06:10:50.228016128,420.582000,0.000000,0.345679,True
2024-10-18,19.739437,105.816315,2024-10-18 06:10:51.642009856,422.082240,0.000000,0.506173,True
2024-10-18,19.713581,105.822030,2024-10-18 06:10:50.948028416,420.301100,0.000000,0.493827,True
2024-10-18,19.728306,105.820200,2024-10-18 06:10:51.669006080,422.330050,0.000000,0.617284,True
2024-10-18,19.742876,105.817990,2024-10-18 06:10:52.389018368,422.084050,0.000000,0.493827,True
2024-10-18,19.754152,105.808846,2024-10-18 06:10:51.228010752,421.922500,0.000000,0.456790,True
2024-10-18,19.724693,105.817940,2024-10-18 06:10:50.920991744,420.791560,0.000000,0.580247,True
2024-10-18,19.768442,105.811620,2024-10-18 06:10:53.082999808,422.046100,0.000000,0.481481,True
2024-10-18,19.743156,105.813020,2024-10-18 06:10:51.255006976,422.966370,0.000000,0.469136,True
2024-10-18,19.732054,105.817116,2024-10-18 06:10:51.282003456,422.238370,0.000000,0.567901,True
2024-10-18,19.761715,105.808200,2024-10-18 06:10:51.588016640,421.232970,0.000000,0.456790,True
2024-10-18,19.709747,105.825005,2024-10-18 06:10:51.335996416,421.358400,0.000000,0.370370,True
2024-10-18,19.772710,105.804020,2024-10-18 06:10:51.562025984,421.410550,0.000000,0.432099,True
2024-10-18,19.750612,105.812300,2024-10-18 06:10:51.615013120,422.681500,0.000000,0.518519,True
2024-10-18,19.720879,105.821130,2024-10-18 06:10:51.308999936,420.244930,0.000000,0.617284,True
2024-10-18,19.706245,105.822880,2024-10-18 06:10:50.588022272,420.554660,0.000000,0.382716,True
2024-10-18,19.735697,105.813780,2024-10-18 06:10:50.895000832,421.874880,0.000000,0.518519,True
2024-10-18,20.102028,106.233290,2024-10-18 06:22:16.956015104,421.955600,0.000000,0.345679,True
2024-10-18,20.077463,106.193110,2024-10-18 06:22:16.875025920,421.233640,0.000000,0.604938,True
2024-10-18,20.151052,106.232440,2024-10-18 06:22:16.343023360,421.456100,0.000000,0.308642,True
2024-10-18,20.191593,106.177830,2024-10-18 06:22:15.315991808,421.589630,0.000000,0.320988,True
2024-10-18,20.175125,106.151080,2024-10-18 06:22:15.261999104,421.495360,0.000000,0.567901,True
2024-10-18,20.378710,106.039536,2024-10-18 06:22:11.676019712,421.958040,0.000000,0.543210,True
2024-10-18,20.248625,106.149770,2024-10-18 06:22:14.342993664,421.809500,0.000000,0.518519,True
2024-10-18,19.713040,105.826490,2024-10-18 06:10:52.083004928,421.248660,0.000000,0.320988,True
2024-10-18,19.754156,105.814300,2024-10-18 06:10:52.362987520,421.887760,0.000000,0.592593,True
2024-10-18,19.765383,105.810520,2024-10-18 06:10:52.335990784,422.342300,0.000000,0.469136,True
2024-10-18,19.776522,105.806640,2024-10-18 06:10:52.308994560,421.777400,0.000000,0.395062,True
2024-10-18,19.724375,105.822890,2024-10-18 06:10:52.056008704,421.805200,0.000000,0.592593,True
2024-10-18,19.717089,105.823990,2024-10-18 06:10:51.696002560,421.248960,0.000000,0.506173,True
2024-10-18,19.735647,105.819190,2024-10-18 06:10:52.029012224,422.411650,0.000000,0.555556,True
2024-10-18,19.746864,105.815390,2024-10-18 06:10:52.002015488,422.567050,0.000000,0.481481,True
2024-10-18,19.757996,105.811510,2024-10-18 06:10:51.975019264,422.011800,0.000000,0.493827,True
2024-10-18,19.769170,105.807490,2024-10-18 06:10:51.948022784,421.909150,0.000000,0.432099,True
2024-10-18,19.780273,105.803380,2024-10-18 06:10:51.921026560,421.319460,0.000000,0.320988,True
2024-10-18,19.731533,105.821590,2024-10-18 06:10:52.416014592,422.000460,0.000000,0.592593,True
2024-10-18,19.772612,105.809310,2024-10-18 06:10:52.695996928,422.940400,0.000000,0.382716,True
2024-10-18,19.761330,105.813000,2024-10-18 06:10:52.722993408,421.964570,0.000000,0.518519,True
2024-10-18,20.240349,106.136420,2024-10-18 06:22:14.315997440,422.098660,0.000000,0.469136,True
2024-10-18,20.093716,106.179306,2024-10-18 06:22:16.541010432,420.924620,0.000000,0.395062,True
2024-10-18,20.199598,106.150665,2024-10-18 06:22:14.956026112,423.555100,0.000000,0.456790,True
2024-10-18,20.224419,106.190704,2024-10-18 06:22:15.037015552,418.765700,0.000000,0.320988,True
2024-10-18,19.897920,105.776990,2024-10-18 06:10:55.415998464,421.765600,0.000000,0.358025,True
2024-10-21,11.010590,106.818985,2024-10-21 05:35:53.402012672,421.517640,0.000000,0.308642,True
2024-11-10,20.710764,106.495060,2024-11-10 06:17:36.001997056,422.736500,0.000000,0.407407,True
2024-11-10,20.773820,106.486040,2024-11-10 06:17:37.388994304,423.662570,0.000000,0.308642,True
2024-11-10,21.181461,106.381035,2024-11-10 06:17:43.641987840,423.412050,0.000000,0.345679,True
2024-11-10,21.207277,106.366000,2024-11-10 06:17:43.562004224,420.406040,0.000000,0.382716,True
2024-11-10,21.609665,106.292656,2024-11-10 06:17:51.415995136,426.164370,0.000000,0.320988,True
2024-11-10,21.253060,106.366980,2024-11-10 06:17:45.001988352,422.364650,0.000000,0.358025,True
2024-11-10,21.347733,106.352890,2024-11-10 06:17:47.083006976,422.421020,0.000000,0.382716,True
2024-11-10,21.341970,106.343000,2024-11-10 06:17:46.309001984,422.870850,0.000000,0.432099,True
2024-11-10,21.336254,106.352820,2024-11-10 06:17:46.723001088,422.760100,0.000000,0.320988,True
2024-11-10,21.344938,106.348090,2024-11-10 06:17:46.696004608,422.632780,0.000000,0.345679,True
2024-11-10,21.267033,106.371410,2024-11-10 06:17:45.748996864,422.696930,0.000000,0.345679,True
2024-11-10,21.347565,106.332504,2024-11-10 06:17:45.895003136,422.747620,0.000000,0.345679,True
2024-11-10,21.339035,106.337610,2024-11-10 06:17:45.920993792,423.082500,0.000000,0.320988,True
2024-11-10,21.246988,106.376230,2024-11-10 06:17:45.415987456,423.292270,0.000000,0.333333,True
2024-11-10,21.255732,106.371620,2024-11-10 06:17:45.388990976,422.838620,0.000000,0.407407,True
2024-11-10,21.264435,106.366930,2024-11-10 06:17:45.363000320,423.325680,0.000000,0.320988,True
2024-11-10,21.270313,106.357155,2024-11-10 06:17:44.947995648,423.325620,0.000000,0.308642,True
2024-11-10,21.126700,106.404730,2024-11-10 06:17:43.415998208,422.778700,0.000000,0.395062,True
2024-11-10,21.215622,106.381140,2024-11-10 06:17:44.723012096,423.605300,0.000000,0.493827,True
2024-11-10,21.250246,106.361830,2024-11-10 06:17:44.615025920,422.536380,0.000000,0.395062,True
2024-11-10,21.212920,106.376335,2024-11-10 06:17:44.336009216,423.585020,0.000000,0.456790,True
2024-11-10,21.221527,106.371480,2024-11-10 06:17:44.309012992,423.536530,0.000000,0.358025,True
2024-11-10,21.267384,106.351685,2024-11-10 06:17:44.561998848,422.551800,0.000000,0.370370,True
2024-11-10,21.261663,106.362130,2024-11-10 06:17:44.974992128,423.483370,0.000000,0.382716,True
2024-11-10,21.178738,106.375940,2024-11-10 06:17:43.255025408,421.617000,0.000000,0.358025,True
2024-11-10,21.124163,106.400320,2024-11-10 06:17:43.028995840,423.067960,0.000000,0.345679,True
2024-11-10,21.075266,106.414406,2024-11-10 06:17:42.389007104,422.807800,0.000000,0.320988,True
2024-11-10,21.218737,106.366200,2024-11-10 06:17:43.921004544,422.681000,0.000000,0.370370,True
2024-11-10,20.966250,106.443060,2024-11-10 06:17:40.749024256,423.500640,0.000000,0.358025,True
2024-11-10,21.046938,106.404540,2024-11-10 06:17:40.894990080,422.745540,0.000000,0.345679,True
2024-11-10,21.012491,106.424300,2024-11-10 06:17:41.002010112,425.011000,0.000000,0.395062,True
2024-11-10,20.986326,106.438230,2024-11-10 06:17:41.082999552,424.067630,0.000000,0.419753,True
2024-11-10,21.066977,106.399666,2024-11-10 06:17:41.227999744,422.734530,0.000000,0.345679,True
2024-11-10,21.015112,106.428810,2024-11-10 06:17:41.389012480,423.848240,0.000000,0.456790,True
2024-11-10,21.078442,106.399830,2024-11-10 06:17:41.588005888,423.223400,0.000000,0.407407,True
2024-11-10,21.069820,106.404830,2024-11-10 06:17:41.615002112,423.377000,0.000000,0.407407,True
2024-11-10,20.684566,106.508910,2024-11-10 06:17:36.083026432,424.341200,0.000000,0.370370,True
2024-11-10,20.739520,106.485740,2024-11-10 06:17:36.309016064,423.901060,0.000000,0.382716,True
2024-11-10,20.730886,106.490520,2024-11-10 06:17:36.336012288,423.470400,0.000000,0.382716,True
2024-11-10,20.722193,106.495224,2024-11-10 06:17:36.363009024,424.006870,0.000000,0.358025,True
2024-11-10,20.713463,106.499840,2024-11-10 06:17:36.388999424,423.526980,0.000000,0.382716,True
2024-11-10,20.704693,106.504380,2024-11-10 06:17:36.415996160,423.613530,0.000000,0.395062,True
2024-11-10,20.742317,106.490685,2024-11-10 06:17:36.696018688,423.309400,0.000000,0.358025,True
2024-11-10,20.733590,106.495310,2024-11-10 06:17:36.723015168,423.216950,0.000000,0.407407,True
2024-11-10,20.724820,106.499850,2024-11-10 06:17:36.749005568,423.182400,0.000000,0.370370,True
2024-11-10,20.808546,106.467060,2024-11-10 06:17:37.282014208,421.779330,0.000000,0.358025,True
2024-11-10,20.983725,106.433850,2024-11-10 06:17:40.695996672,423.728150,0.000000,0.419753,True
2024-11-10,20.702068,106.499760,2024-11-10 06:17:36.028993280,423.190770,0.000000,0.333333,True
2024-11-10,20.719398,106.490300,2024-11-10 06:17:35.975000576,423.860260,0.000000,0.320988,True
2024-11-10,21.081173,106.404880,2024-11-10 06:17:41.975008256,422.943080,0.000000,0.382716,True
2024-11-10,20.728080,106.485430,2024-11-10 06:17:35.948004352,423.286800,0.000000,0.395062,True
2024-11-10,20.475328,106.541530,2024-11-10 06:17:31.588019968,425.000900,0.000000,0.493827,True
2024-11-10,20.440601,106.560585,2024-11-10 06:17:31.696005376,422.484700,0.000000,0.506173,True
2024-11-10,20.431852,106.565130,2024-11-10 06:17:31.723001856,422.700350,0.000000,0.543210,True
2024-11-10,20.423060,106.569600,2024-11-10 06:17:31.748992512,422.826230,0.000000,0.580247,True
2024-11-10,20.495400,106.536710,2024-11-10 06:17:31.920988928,424.491670,0.000000,0.308642,True
2024-11-10,20.486744,106.541610,2024-11-10 06:17:31.948025600,424.758420,0.000000,0.493827,True
2024-11-10,20.478045,106.546440,2024-11-10 06:17:31.975022336,425.813020,0.000000,0.345679,True
2024-11-10,20.451942,106.560370,2024-11-10 06:17:32.056011776,423.983100,0.000000,0.432099,True
2024-11-10,20.524109,106.527084,2024-11-10 06:17:32.228008192,423.848450,0.000000,0.567901,True
2024-11-10,20.515533,106.532060,2024-11-10 06:17:32.255004672,424.038330,0.000000,0.456790,True
2024-11-10,20.498196,106.541824,2024-11-10 06:17:32.308997632,424.868530,0.000000,0.358025,True
2024-11-10,20.489550,106.546555,2024-11-10 06:17:32.335994112,424.337070,0.000000,0.432099,True
2024-11-10,20.463322,106.560280,2024-11-10 06:17:32.416017408,422.784880,0.000000,0.308642,True
2024-11-10,20.527044,106.532390,2024-11-10 06:17:32.615010816,424.050960,0.000000,0.530864,True
2024-11-10,20.518353,106.537230,2024-11-10 06:17:32.642007040,423.808300,0.000000,0.432099,True
2024-11-10,20.460684,106.555800,2024-11-10 06:17:32.029015040,422.692630,0.000000,0.345679,True
2024-11-10,20.963634,106.438675,2024-11-10 06:17:40.362987264,423.434420,0.000000,0.407407,True
2024-11-10,20.966576,106.423860,2024-11-10 06:17:39.562025984,423.050300,0.000000,0.320988,True
2024-11-10,21.009687,106.419420,2024-11-10 06:17:40.615007744,424.969700,0.000000,0.308642,True
2024-11-10,20.509708,106.541960,2024-11-10 06:17:32.669003520,424.500120,0.000000,0.333333,True
2024-11-10,20.492266,106.551200,2024-11-10 06:17:32.722996480,424.526300,0.000000,0.395062,True
2024-11-10,20.417810,106.560840,2024-11-10 06:17:30.974987520,423.518920,0.000000,0.617284,True
2024-11-10,20.409164,106.565550,2024-11-10 06:17:31.002024192,424.339170,0.000000,0.592593,True
2024-11-10,20.400448,106.570175,2024-11-10 06:17:31.029020672,423.850770,0.000000,0.555556,True
2024-11-10,20.446598,106.551230,2024-11-10 06:17:31.282006528,423.254120,0.000000,0.617284,True
2024-11-10,20.437897,106.556050,2024-11-10 06:17:31.309002752,423.195220,0.000000,0.543210,True
2024-11-10,20.512417,106.546585,2024-11-10 06:17:33.056006144,424.323000,0.000000,0.345679,True
2024-11-10,20.503632,106.551070,2024-11-10 06:17:33.083002624,424.439760,0.000000,0.333333,True
2024-11-10,20.584528,106.513140,2024-11-10 06:17:33.228002816,423.139200,0.000000,0.481481,True
2024-11-10,20.679197,106.499695,2024-11-10 06:17:35.309021440,423.116670,0.000000,0.382716,True
2024-11-10,20.621655,106.518440,2024-11-10 06:17:34.695989248,424.324770,0.000000,0.493827,True
2024-11-10,20.612919,106.523030,2024-11-10 06:17:34.723025920,424.277900,0.000000,0.518519,True
2024-11-10,20.684992,106.489555,2024-11-10 06:17:34.895022336,422.461200,0.000000,0.456790,True
2024-11-10,20.426504,106.556010,2024-11-10 06:17:30.947990784,422.866360,0.000000,0.543210,True
2024-11-10,20.676424,106.494560,2024-11-10 06:17:34.921012992,422.857600,0.000000,0.419753,True
2024-11-10,20.659096,106.504380,2024-11-10 06:17:34.975006208,423.741640,0.000000,0.543210,True
2024-11-10,20.650457,106.509130,2024-11-10 06:17:35.002002432,423.851300,0.000000,0.493827,True
2024-11-10,20.641756,106.513810,2024-11-10 06:17:35.028998912,423.910900,0.000000,0.493827,True
2024-11-10,20.633022,106.518400,2024-11-10 06:17:35.055995136,424.292900,0.000000,0.493827,True
2024-11-10,20.624245,106.522920,2024-11-10 06:17:35.082991616,424.641080,0.000000,0.567901,True
2024-11-10,20.705090,106.484880,2024-11-10 06:17:35.227992064,422.940640,0.000000,0.345679,True
2024-11-10,20.696522,106.489876,2024-11-10 06:17:35.254988544,422.894650,0.000000,0.320988,True
2024-11-10,20.687881,106.494820,2024-11-10 06:17:35.282025216,423.111270,0.000000,0.506173,True
2024-11-10,20.670559,106.504440,2024-11-10 06:17:35.336017920,423.578160,0.000000,0.419753,True
2024-11-10,20.638996,106.509010,2024-11-10 06:17:34.641996288,424.263670,0.000000,0.580247,True
2024-11-10,20.661860,106.509125,2024-11-10 06:17:35.363014144,423.763600,0.000000,0.518519,True
2024-11-10,20.653126,106.513720,2024-11-10 06:17:35.389005056,423.770700,0.000000,0.506173,True
2024-11-10,20.667782,106.499504,2024-11-10 06:17:34.948009472,423.100280,0.000000,0.456790,True
2024-11-10,20.644350,106.518234,2024-11-10 06:17:35.416001280,424.090100,0.000000,0.444444,True
2024-11-10,20.435152,106.551110,2024-11-10 06:17:30.920994560,424.064360,0.000000,0.543210,True
2024-11-10,20.414950,106.555750,2024-11-10 06:17:30.588025088,424.299900,0.000000,0.617284,True
2024-11-10,20.555845,106.522860,2024-11-10 06:17:32.921023744,423.673280,0.000000,0.543210,True
2024-11-10,20.521160,106.542020,2024-11-10 06:17:33.029009920,424.406430,0.000000,0.469136,True
2024-11-10,20.483912,106.536575,2024-11-10 06:17:31.561988864,425.034120,0.000000,0.469136,True
2024-11-10,20.402980,106.574390,2024-11-10 06:17:31.416023040,424.125980,0.000000,0.493827,True
2024-11-10,20.411774,106.569920,2024-11-10 06:17:31.389026560,423.861540,0.000000,0.592593,True
2024-11-10,20.406300,106.560646,2024-11-10 06:17:30.615021824,423.845640,0.000000,0.592593,True
2024-11-10,20.420525,106.565380,2024-11-10 06:17:31.362995968,422.568180,0.000000,0.617284,True
2024-11-10,20.383170,106.560120,2024-11-10 06:17:29.895009536,423.370570,0.000000,0.395062,True
2024-11-10,20.403326,106.555440,2024-11-10 06:17:30.228018944,424.847840,0.000000,0.592593,True
2024-11-10,20.386097,106.565285,2024-11-10 06:17:30.282011904,424.456000,0.000000,0.382716,True
2024-11-10,20.423527,106.550800,2024-11-10 06:17:30.561994240,423.273830,0.000000,0.506173,True
2024-11-10,20.564417,106.517876,2024-11-10 06:17:32.894993152,424.585940,0.000000,0.506173,True
2024-11-10,20.725185,106.480170,2024-11-10 06:17:35.562007552,423.119100,0.000000,0.382716,True
2024-11-10,20.707981,106.490120,2024-11-10 06:17:35.614994432,423.307300,0.000000,0.320988,True
2024-11-10,20.644802,106.498840,2024-11-10 06:17:34.227997184,424.057340,0.000000,0.530864,True
2024-11-10,20.636230,106.503830,2024-11-10 06:17:34.254993920,423.865420,0.000000,0.592593,True
2024-11-10,20.627586,106.508770,2024-11-10 06:17:34.281990400,423.329680,0.000000,0.493827,True
2024-11-10,20.618896,106.513640,2024-11-10 06:17:34.308986624,423.358430,0.000000,0.432099,True
2024-11-10,20.610254,106.518390,2024-11-10 06:17:34.336023296,423.074800,0.000000,0.481481,True
2024-11-10,20.601553,106.523056,2024-11-10 06:17:34.363019776,423.005500,0.000000,0.530864,True
2024-11-10,20.592815,106.527650,2024-11-10 06:17:34.389010432,423.509800,0.000000,0.592593,True
2024-11-10,20.584034,106.532166,2024-11-10 06:17:34.416006912,424.034100,0.000000,0.481481,True
2024-11-10,20.664898,106.494200,2024-11-10 06:17:34.562012928,423.452330,0.000000,0.407407,True
2024-11-10,21.072554,106.409680,2024-11-10 06:17:42.002004736,422.286320,0.000000,0.345679,True
2024-11-10,20.563930,106.536770,2024-11-10 06:17:34.082996992,424.517550,0.000000,0.456790,True
2024-11-10,20.716621,106.485176,2024-11-10 06:17:35.587997952,423.815580,0.000000,0.370370,True
2024-11-10,20.572712,106.532270,2024-11-10 06:17:34.056000768,424.037780,0.000000,0.382716,True
2024-11-10,20.590155,106.523010,2024-11-10 06:17:34.002008064,423.463470,0.000000,0.567901,True
2024-11-10,20.699299,106.494995,2024-11-10 06:17:35.641990912,423.104500,0.000000,0.308642,True
2024-11-10,20.690660,106.499750,2024-11-10 06:17:35.668987392,423.520900,0.000000,0.407407,True
2024-11-10,20.681965,106.504440,2024-11-10 06:17:35.696024064,423.143430,0.000000,0.382716,True
2024-11-10,20.673231,106.509040,2024-11-10 06:17:35.723020544,422.899960,0.000000,0.444444,True
2024-11-10,20.664455,106.513560,2024-11-10 06:17:35.749010944,423.644320,0.000000,0.481481,True
2024-11-10,20.736720,106.480480,2024-11-10 06:17:35.921007616,422.499800,0.000000,0.345679,True
2024-11-10,20.630356,106.513756,2024-11-10 06:17:34.668992768,423.893250,0.000000,0.493827,True
2024-11-10,20.501005,106.546620,2024-11-10 06:17:32.696000000,424.862850,0.000000,0.333333,True
2024-11-10,20.575953,106.518110,2024-11-10 06:17:33.254999040,423.833040,0.000000,0.382716,True
2024-11-10,20.607489,106.513435,2024-11-10 06:17:33.948014848,422.203860,0.000000,0.506173,True
2024-11-10,20.567305,106.523026,2024-11-10 06:17:33.281995776,425.094800,0.000000,0.481481,True
2024-11-10,20.581451,106.527680,2024-11-10 06:17:34.029004288,423.735700,0.000000,0.419753,True
2024-11-10,20.558610,106.527870,2024-11-10 06:17:33.308992256,423.863830,0.000000,0.518519,True
2024-11-10,20.523731,106.546295,2024-11-10 06:17:33.416012288,424.222530,0.000000,0.481481,True
2024-11-10,20.604618,106.508340,2024-11-10 06:17:33.562018304,422.906600,0.000000,0.555556,True
2024-11-10,20.596045,106.513310,2024-11-10 06:17:33.588008960,423.223940,0.000000,0.518519,True
2024-11-10,20.587397,106.518230,2024-11-10 06:17:33.615005184,424.258030,0.000000,0.530864,True
2024-11-10,20.578705,106.523070,2024-11-10 06:17:33.642001664,423.924840,0.000000,0.407407,True
2024-11-10,20.570059,106.527800,2024-11-10 06:17:33.668998144,424.296170,0.000000,0.481481,True
2024-11-10,20.561354,106.532455,2024-11-10 06:17:33.695994624,424.307830,0.000000,0.493827,True
2024-11-10,20.552612,106.537025,2024-11-10 06:17:33.722991104,424.201320,0.000000,0.481481,True
2024-11-10,20.543829,106.541520,2024-11-10 06:17:33.749021952,424.349030,0.000000,0.407407,True
2024-11-10,20.624708,106.503530,2024-11-10 06:17:33.894987520,422.539280,0.000000,0.481481,True
2024-11-10,20.598799,106.518280,2024-11-10 06:17:33.975011328,422.756530,0.000000,0.518519,True
2024-11-10,20.656328,106.499200,2024-11-10 06:17:34.588003328,423.950930,0.000000,0.456790,True
2024-11-10,20.532515,106.541810,2024-11-10 06:17:33.389015552,423.486480,0.000000,0.345679,True
2024-11-10,20.647684,106.504140,2024-11-10 06:17:34.614999808,424.758580,0.000000,0.580247,True
2024-11-17,13.317740,109.229150,2024-11-17 08:04:56.847005184,422.019260,0.000000,0.407407,True
2024-11-17,13.307104,109.182434,2024-11-17 08:04:56.234013184,423.295800,0.000000,0.345679,True
2024-11-17,18.870893,105.393040,2024-11-17 06:23:13.335995136,422.763120,0.000000,0.382716,True
2024-11-19,20.758747,105.936920,2024-11-19 08:05:11.883013120,427.013280,0.000000,0.382716,True
2024-11-19,20.742653,105.922860,2024-11-19 08:05:11.548997376,425.173500,0.000000,0.419753,True
2024-11-19,20.749016,105.835470,2024-11-19 08:05:09.351021056,427.564730,0.000000,0.567901,True
2024-11-19,20.677742,105.828896,2024-11-19 08:05:09.269991424,425.908450,0.000000,0.518519,True
2024-11-19,20.654106,105.826546,2024-11-19 08:05:09.242994944,426.181430,0.000000,0.481481,True
2024-11-19,20.798600,105.758870,2024-11-19 08:05:31.296989440,427.735080,0.000000,0.580247,True
2024-11-19,20.725212,105.833360,2024-11-19 08:05:09.324024576,427.445430,0.000000,0.432099,True
2024-11-19,20.630524,105.824130,2024-11-19 08:05:09.215998720,426.507020,0.000000,0.308642,True
2024-11-19,20.780954,105.825386,2024-11-19 08:05:09.072004352,427.628450,0.000000,0.456790,True
2024-11-19,20.757036,105.823340,2024-11-19 08:05:09.045007616,426.089480,0.000000,0.555556,True
2024-11-19,20.733158,105.821220,2024-11-19 08:05:09.018011392,425.979860,0.000000,0.543210,True
2024-11-19,20.685598,105.816880,2024-11-19 08:05:08.964018688,427.355930,0.000000,0.407407,True
2024-11-19,20.709364,105.819110,2024-11-19 08:05:08.991014912,427.411440,0.000000,0.419753,True
2024-11-19,20.652851,105.751274,2024-11-19 08:05:07.350991616,427.234800,0.000000,0.481481,True
2024-11-19,20.684786,105.741100,2024-11-19 08:05:07.072015104,427.513200,0.000000,0.308642,True
2024-11-19,20.660889,105.739120,2024-11-19 08:05:07.045018624,426.082370,0.000000,0.456790,True
2024-11-19,20.645027,105.763110,2024-11-19 08:05:07.657004800,427.852800,0.000000,0.444444,True
2024-11-19,20.668715,105.727005,2024-11-19 08:05:06.737999616,423.904000,0.000000,0.567901,True
2024-11-19,21.181246,105.919840,2024-11-19 08:05:58.991025408,425.966060,0.000000,0.567901,True
2024-11-19,21.117940,105.908110,2024-11-19 08:05:58.270007296,426.294600,0.000000,0.308642,True
2024-11-19,21.133657,105.899826,2024-11-19 08:05:58.297003776,427.246770,0.000000,0.382716,True
2024-11-19,21.149330,105.891500,2024-11-19 08:05:58.324000256,426.535580,0.000000,0.320988,True
2024-11-19,21.164942,105.883194,2024-11-19 08:05:58.350996736,426.977050,0.000000,0.555556,True
2024-11-19,21.133896,105.922226,2024-11-19 08:05:58.603017216,427.251950,0.000000,0.407407,True
2024-11-19,21.165325,105.905600,2024-11-19 08:05:58.657009920,426.926800,0.000000,0.382716,True
2024-11-19,21.180515,105.874840,2024-11-19 08:05:58.377993216,425.942260,0.000000,0.407407,True
2024-11-19,21.166208,105.995480,2024-11-19 08:05:59.882993920,426.223000,0.000000,0.382716,True
2024-11-19,20.661896,105.814606,2024-11-19 08:05:08.937022208,427.815060,0.000000,0.456790,True
2024-11-19,21.182040,105.987220,2024-11-19 08:05:59.909990400,426.980960,0.000000,0.481481,True
2024-11-19,21.244850,105.954020,2024-11-19 08:06:00.018016256,426.460270,0.000000,0.333333,True
2024-11-19,21.260430,105.945680,2024-11-19 08:06:00.045012992,427.370300,0.000000,0.543210,True
2024-11-19,21.182287,106.009600,2024-11-19 08:06:00.216003584,426.183900,0.000000,0.345679,True
2024-11-19,21.213963,105.993020,2024-11-19 08:06:00.269996544,426.536870,0.000000,0.308642,True
2024-11-19,20.909628,105.702545,2024-11-19 08:05:53.630000384,428.247560,0.000000,0.320988,True
2024-11-19,20.781092,105.863630,2024-11-19 08:05:10.018005760,426.535460,0.000000,0.444444,True
2024-11-19,20.757277,105.861480,2024-11-19 08:05:09.991009536,427.556200,0.000000,0.555556,True
2024-11-19,20.733511,105.859250,2024-11-19 08:05:09.964013056,426.502870,0.000000,0.555556,True
2024-11-19,20.686163,105.854690,2024-11-19 08:05:09.910020352,426.513030,0.000000,0.493827,True
2024-11-19,20.788862,105.851730,2024-11-19 08:05:09.711027200,425.937400,0.000000,0.481481,True
2024-11-19,20.764954,105.849590,2024-11-19 08:05:09.683990528,426.903080,0.000000,0.382716,True
2024-11-19,20.797040,105.877686,2024-11-19 08:05:10.351015680,425.226320,0.000000,0.358025,True
2024-11-19,20.741152,105.847480,2024-11-19 08:05:09.656994048,426.521150,0.000000,0.543210,True
2024-11-19,20.693718,105.842980,2024-11-19 08:05:09.603001088,427.060520,0.000000,0.456790,True
2024-11-19,20.670084,105.840650,2024-11-19 08:05:09.576004864,425.969480,0.000000,0.543210,True
2024-11-19,20.646486,105.838220,2024-11-19 08:05:09.549008384,427.152250,0.000000,0.358025,True
2024-11-19,20.796839,105.839630,2024-11-19 08:05:09.405014016,426.254580,0.000000,0.345679,True
2024-11-19,20.678566,105.866295,2024-11-19 08:05:10.215993088,426.886540,0.000000,0.444444,True
2024-11-19,20.772920,105.837620,2024-11-19 08:05:09.378017536,426.158300,0.000000,0.469136,True
2024-11-19,20.717407,105.845260,2024-11-19 08:05:09.629997824,427.714600,0.000000,0.493827,True
2024-11-19,20.726513,105.908780,2024-11-19 08:05:11.215987712,425.978800,0.000000,0.345679,True
2024-11-19,20.820887,105.879776,2024-11-19 08:05:10.378012160,427.646300,0.000000,0.308642,True
2024-11-19,20.897240,105.824875,2024-11-19 08:05:32.991005440,427.448120,0.000000,0.308642,True
2024-11-19,20.780024,105.763320,2024-11-19 08:05:31.269992704,428.205870,0.000000,0.617284,True
2024-11-19,20.757742,105.899440,2024-11-19 08:05:10.937011200,426.525700,0.000000,0.432099,True
2024-11-19,20.734080,105.897100,2024-11-19 08:05:10.910014976,425.641140,0.000000,0.395062,True
2024-11-19,20.710457,105.894684,2024-11-19 08:05:10.883018496,426.579470,0.000000,0.382716,True
2024-11-19,20.765410,105.887470,2024-11-19 08:05:10.629992192,424.191070,0.000000,0.432099,True
2024-11-19,20.718071,105.882860,2024-11-19 08:05:10.575999232,422.520100,0.000000,0.395062,True
2024-11-19,20.694483,105.880470,2024-11-19 08:05:10.549003008,426.778400,0.000000,0.506173,True
2024-11-19,20.638247,105.812280,2024-11-19 08:05:08.910025472,426.344600,0.000000,0.395062,True
2024-11-19,20.958490,106.094240,2024-11-19 08:05:15.576012288,426.083370,0.000000,0.481481,True
2024-11-19,20.764960,105.811230,2024-11-19 08:05:08.737988608,426.579500,0.000000,0.407407,True
2024-11-19,20.925700,106.028410,2024-11-19 08:05:13.963991296,426.449900,0.000000,0.345679,True
2024-11-19,20.902016,106.026090,2024-11-19 08:05:13.936995072,425.682620,0.000000,0.320988,True
2024-11-19,21.133390,106.135970,2024-11-19 08:05:16.405016064,426.229370,0.000000,0.543210,True
2024-11-19,20.909737,106.014180,2024-11-19 08:05:13.630016000,426.011660,0.000000,0.320988,True
2024-11-19,21.005123,106.022880,2024-11-19 08:05:13.738001920,426.753900,0.000000,0.370370,True
2024-11-19,20.710930,105.744010,2024-11-19 08:05:30.549015040,427.067320,0.000000,0.506173,True
2024-11-19,20.983078,106.134220,2024-11-19 08:05:16.549010432,425.672820,0.000000,0.370370,True
2024-11-19,21.013012,106.049200,2024-11-19 08:05:14.377990144,426.368200,0.000000,0.518519,True
2024-11-19,21.045784,106.115250,2024-11-19 08:05:15.991017216,426.226040,0.000000,0.358025,True
2024-11-19,20.934887,106.091810,2024-11-19 08:05:15.549016064,425.451700,0.000000,0.370370,True
2024-11-19,20.949999,106.068410,2024-11-19 08:05:14.936989440,425.653700,0.000000,0.320988,True
2024-11-19,21.045229,106.077280,2024-11-19 08:05:15.045015552,424.752600,0.000000,0.518519,True
2024-11-19,21.021336,106.075150,2024-11-19 08:05:15.018019072,426.351780,0.000000,0.530864,True
2024-11-19,20.942421,106.080124,2024-11-19 08:05:15.243002880,425.674350,0.000000,0.308642,True
2024-11-19,20.966066,106.082504,2024-11-19 08:05:15.269999360,425.865840,0.000000,0.432099,True
2024-11-19,21.013535,106.087090,2024-11-19 08:05:15.323992064,426.898620,0.000000,0.456790,True
2024-11-19,21.037354,106.089294,2024-11-19 08:05:15.350988288,426.055300,0.000000,0.358025,True
2024-11-19,21.259980,105.923180,2024-11-19 08:05:59.737993728,427.132970,0.000000,0.382716,True
2024-11-19,20.982150,106.096610,2024-11-19 08:05:15.603008768,426.287780,0.000000,0.395062,True
2024-11-19,21.005861,106.098930,2024-11-19 08:05:15.630005248,425.914370,0.000000,0.506173,True
2024-11-19,20.951063,106.105896,2024-11-19 08:05:15.882991360,425.498470,0.000000,0.506173,True
2024-11-19,20.981419,106.058870,2024-11-19 08:05:14.657007104,426.205020,0.000000,0.395062,True
2024-11-19,21.005234,106.061066,2024-11-19 08:05:14.684003584,426.701140,0.000000,0.345679,True
2024-11-19,21.053028,106.065315,2024-11-19 08:05:14.737996544,426.058750,0.000000,0.555556,True
2024-11-19,21.014252,106.124855,2024-11-19 08:05:16.269993728,426.414460,0.000000,0.493827,True
2024-11-19,20.990612,106.122460,2024-11-19 08:05:16.242997504,426.149230,0.000000,0.518519,True
2024-11-19,21.117418,106.121720,2024-11-19 08:05:16.072006400,425.631650,0.000000,0.592593,True
2024-11-19,21.093500,106.119644,2024-11-19 08:05:16.045010176,426.302640,0.000000,0.345679,True
2024-11-19,21.029100,106.063220,2024-11-19 08:05:14.711000064,425.671720,0.000000,0.333333,True
2024-11-19,21.022017,106.112990,2024-11-19 08:05:15.964020736,426.417480,0.000000,0.567901,True
2024-11-19,20.998306,106.110670,2024-11-19 08:05:15.937024256,426.016300,0.000000,0.432099,True
2024-11-19,20.974651,106.108290,2024-11-19 08:05:15.909987584,425.406250,0.000000,0.419753,True
2024-11-19,21.029629,106.101190,2024-11-19 08:05:15.657001728,426.194520,0.000000,0.432099,True
2024-11-19,20.701464,105.831184,2024-11-19 08:05:09.296987904,426.890800,0.000000,0.444444,True
2024-11-19,21.197205,106.230830,2024-11-19 08:05:18.684022272,426.874200,0.000000,0.320988,True
2024-11-19,21.173400,106.228580,2024-11-19 08:05:18.657025792,427.243350,0.000000,0.444444,True
2024-11-19,21.078844,106.219110,2024-11-19 08:05:18.548999680,425.466550,0.000000,0.506173,True
2024-11-19,21.229137,106.220890,2024-11-19 08:05:18.405005568,425.995730,0.000000,0.320988,True
2024-11-19,21.181278,106.216620,2024-11-19 08:05:18.351012352,425.896940,0.000000,0.308642,True
2024-11-19,21.086271,106.207420,2024-11-19 08:05:18.243026688,425.784450,0.000000,0.382716,True
2024-11-19,21.062687,106.204960,2024-11-19 08:05:18.215990016,424.736270,0.000000,0.481481,True
2024-11-19,21.125992,106.223910,2024-11-19 08:05:18.602992640,425.317470,0.000000,0.333333,True
2024-11-19,20.613716,105.772675,2024-11-19 08:05:07.936987392,427.535800,0.000000,0.308642,True
2024-11-19,20.637413,105.774890,2024-11-19 08:05:07.964024064,427.537020,0.000000,0.604938,True
2024-11-19,20.741058,105.809240,2024-11-19 08:05:08.710992384,426.389280,0.000000,0.543210,True
2024-11-19,20.717182,105.807140,2024-11-19 08:05:08.683995904,425.147600,0.000000,0.358025,True
2024-11-19,20.669586,105.802765,2024-11-19 08:05:08.630002944,427.801640,0.000000,0.629630,True
2024-11-19,20.622180,105.798130,2024-11-19 08:05:08.576010240,426.570220,0.000000,0.358025,True
2024-11-19,20.598618,105.795860,2024-11-19 08:05:08.549013504,426.933040,0.000000,0.382716,True
2024-11-19,20.724995,105.795235,2024-11-19 08:05:08.378022912,426.936070,0.000000,0.320988,True
2024-11-19,20.677326,105.791020,2024-11-19 08:05:08.323989760,427.606500,0.000000,0.592593,True
2024-11-19,20.629860,105.786545,2024-11-19 08:05:08.269996800,426.693450,0.000000,0.345679,True
2024-11-19,20.606215,105.784280,2024-11-19 08:05:08.243000576,426.954300,0.000000,0.395062,True
2024-11-19,20.732813,105.783295,2024-11-19 08:05:08.072009472,426.807280,0.000000,0.419753,True
2024-11-19,20.708866,105.781260,2024-11-19 08:05:08.045013248,426.627040,0.000000,0.530864,True
2024-11-19,20.685001,105.779210,2024-11-19 08:05:08.018016768,427.071400,0.000000,0.506173,True
2024-11-19,21.197235,106.192610,2024-11-19 08:05:17.738020352,426.548860,0.000000,0.358025,True
2024-11-19,20.856607,105.726210,2024-11-19 08:05:31.072005632,427.707800,0.000000,0.320988,True
2024-11-19,20.838100,105.730790,2024-11-19 08:05:31.045009152,427.032870,0.000000,0.308642,True
2024-11-19,20.819584,105.735350,2024-11-19 08:05:31.018012672,428.208250,0.000000,0.530864,True
2024-11-19,20.801054,105.739880,2024-11-19 08:05:30.991016448,428.135860,0.000000,0.370370,True
2024-11-19,20.782522,105.744415,2024-11-19 08:05:30.964019712,427.380100,0.000000,0.493827,True
2024-11-19,20.763980,105.748930,2024-11-19 08:05:30.937023488,428.454470,0.000000,0.469136,True
2024-11-19,20.745419,105.753390,2024-11-19 08:05:30.909986816,428.339480,0.000000,0.617284,True
2024-11-19,20.785244,105.726280,2024-11-19 08:05:30.657000704,427.323670,0.000000,0.407407,True
2024-11-19,20.748140,105.735300,2024-11-19 08:05:30.603008000,426.312700,0.000000,0.382716,True
2024-11-19,20.694857,105.729440,2024-11-19 08:05:30.216005376,427.758420,0.000000,0.567901,True
2024-11-19,20.683975,105.678450,2024-11-19 08:05:29.270003712,428.050630,0.000000,0.370370,True
2024-11-19,20.742834,105.771970,2024-11-19 08:05:31.216000000,427.331050,0.000000,0.308642,True
2024-11-19,21.149488,106.188340,2024-11-19 08:05:17.683987456,425.534850,0.000000,0.518519,True
2024-11-19,21.125671,106.186080,2024-11-19 08:05:17.656990976,426.391200,0.000000,0.493827,True
2024-11-19,21.030949,106.176830,2024-11-19 08:05:17.549005056,424.969240,0.000000,0.506173,True
2024-11-19,21.157293,106.176460,2024-11-19 08:05:17.378014208,426.091160,0.000000,0.407407,True
2024-11-19,21.133434,106.174270,2024-11-19 08:05:17.351017984,425.716600,0.000000,0.493827,True
2024-11-19,21.085888,106.169716,2024-11-19 08:05:17.297025024,426.529020,0.000000,0.444444,True
2024-11-19,21.038560,106.164960,2024-11-19 08:05:17.242991872,425.115100,0.000000,0.419753,True
2024-11-19,21.141417,106.162224,2024-11-19 08:05:17.045004544,425.390660,0.000000,0.407407,True
2024-11-19,21.022642,106.150840,2024-11-19 08:05:16.910022400,425.792000,0.000000,0.543210,True
2024-11-19,21.046839,106.190865,2024-11-19 08:05:17.883020544,426.212040,0.000000,0.469136,True
2024-11-19,20.999054,106.148400,2024-11-19 08:05:16.883026176,426.610700,0.000000,0.592593,True
2024-11-19,20.761435,105.767660,2024-11-19 08:05:31.242996480,428.282040,0.000000,0.320988,True
2024-11-19,21.244438,105.931526,2024-11-19 08:05:59.710997248,425.964480,0.000000,0.333333,True
2024-11-19,20.828878,105.867744,2024-11-19 08:05:10.071998720,424.818000,0.000000,0.407407,True
2024-11-19,21.213211,105.948190,2024-11-19 08:05:59.657004288,427.085170,0.000000,0.493827,True
2024-11-19,20.881128,105.810310,2024-11-19 08:05:32.656989952,426.858670,0.000000,0.469136,True
2024-11-19,20.844013,105.819275,2024-11-19 08:05:32.602996992,426.727870,0.000000,0.592593,True
2024-11-19,20.758947,105.786010,2024-11-19 08:05:31.549009920,427.915370,0.000000,0.617284,True
2024-11-19,20.777536,105.781600,2024-11-19 08:05:31.576006144,426.982330,0.000000,0.320988,True
2024-11-19,20.796114,105.777176,2024-11-19 08:05:31.603002624,427.361450,0.000000,0.395062,True
2024-11-19,20.814674,105.772705,2024-11-19 08:05:31.629998848,427.858200,0.000000,0.308642,True
2024-11-19,20.774761,105.799866,2024-11-19 08:05:31.883025152,426.955800,0.000000,0.469136,True
2024-11-19,20.793348,105.795510,2024-11-19 08:05:31.910021632,427.629640,0.000000,0.530864,True
2024-11-19,20.811914,105.791100,2024-11-19 08:05:31.937017856,427.198700,0.000000,0.506173,True
2024-11-19,20.862581,105.814820,2024-11-19 08:05:32.629993472,426.977800,0.000000,0.432099,True
2024-11-19,20.830471,105.786670,2024-11-19 08:05:31.964014592,427.415200,0.000000,0.543210,True
2024-11-19,20.867535,105.777664,2024-11-19 08:05:32.018007296,427.168520,0.000000,0.530864,True
2024-11-19,20.886060,105.773155,2024-11-19 08:05:32.045003776,427.012540,0.000000,0.358025,True
2024-11-19,20.904580,105.768610,2024-11-19 08:05:32.072000256,427.470100,0.000000,0.382716,True
2024-11-19,20.790980,105.814440,2024-11-19 08:05:32.215994624,426.891020,0.000000,0.308642,True
2024-11-19,20.870201,105.759010,2024-11-19 08:05:31.710988288,427.789430,0.000000,0.444444,True
2024-11-19,20.809600,105.810104,2024-11-19 08:05:32.242990848,426.826080,0.000000,0.518519,True
2024-11-19,20.915780,105.820350,2024-11-19 08:05:33.018001920,426.869420,0.000000,0.555556,True
2024-11-19,20.934296,105.815760,2024-11-19 08:05:33.044998400,427.050020,0.000000,0.432099,True
2024-11-19,20.838953,105.856544,2024-11-19 08:05:33.215988992,426.388760,0.000000,0.308642,True
2024-11-19,20.876106,105.847720,2024-11-19 08:05:33.270022400,426.764160,0.000000,0.407407,True
2024-11-19,20.899654,105.805786,2024-11-19 08:05:32.683986432,427.566250,0.000000,0.395062,True
2024-11-19,20.913197,105.838610,2024-11-19 08:05:33.324015104,427.072750,0.000000,0.382716,True
2024-11-19,20.889662,105.880350,2024-11-19 08:05:33.910010880,425.747160,0.000000,0.333333,True
2024-11-19,20.828192,105.805695,2024-11-19 08:05:32.269987584,427.301700,0.000000,0.382716,True
2024-11-19,20.865274,105.796750,2024-11-19 08:05:32.324020736,427.403170,0.000000,0.456790,True
2024-11-19,21.049713,106.021450,2024-11-19 08:05:37.243004160,426.530270,0.000000,0.345679,True
2024-11-19,21.086847,106.012670,2024-11-19 08:05:37.296997120,427.092620,0.000000,0.382716,True
2024-11-19,21.142410,105.999180,2024-11-19 08:05:37.377986304,426.522060,0.000000,0.382716,True
2024-11-19,21.160896,105.994580,2024-11-19 08:05:37.405022976,425.699740,0.000000,0.530864,True
2024-11-19,21.046870,106.039550,2024-11-19 08:05:37.549017344,426.635300,0.000000,0.370370,True
2024-11-19,21.144932,105.980090,2024-11-19 08:05:37.072013312,426.078430,0.000000,0.358025,True
2024-11-19,20.846740,105.801250,2024-11-19 08:05:32.297024256,427.449100,0.000000,0.543210,True
2024-11-19,20.883808,105.792280,2024-11-19 08:05:32.351016960,426.994750,0.000000,0.419753,True
2024-11-19,20.902304,105.787680,2024-11-19 08:05:32.378013440,427.056640,0.000000,0.617284,True
2024-11-19,20.920794,105.783070,2024-11-19 08:05:32.405009664,426.984340,0.000000,0.320988,True
2024-11-19,20.806862,105.828170,2024-11-19 08:05:32.549004288,427.613160,0.000000,0.481481,True
2024-11-19,20.825445,105.823740,2024-11-19 08:05:32.576000768,426.920320,0.000000,0.629630,True
2024-11-19,20.849005,105.782166,2024-11-19 08:05:31.991010816,427.832060,0.000000,0.456790,True
2024-11-19,21.075878,105.961370,2024-11-19 08:05:36.350995200,426.288970,0.000000,0.382716,True
2024-11-19,20.822868,105.842354,2024-11-19 08:05:32.883019776,426.632260,0.000000,0.395062,True
2024-11-19,21.137379,106.036514,2024-11-19 08:05:37.991018496,426.117130,0.000000,0.407407,True
2024-11-19,21.192965,106.022850,2024-11-19 08:05:38.072007936,426.387400,0.000000,0.407407,True
2024-11-19,21.097500,106.063934,2024-11-19 08:05:38.242998528,426.702550,0.000000,0.543210,True
2024-11-19,21.116053,106.059520,2024-11-19 08:05:38.269995264,425.995150,0.000000,0.506173,True
2024-11-19,21.153140,106.050510,2024-11-19 08:05:38.324028160,426.628940,0.000000,0.456790,True
2024-11-19,21.176740,106.008220,2024-11-19 08:05:37.737992192,425.503880,0.000000,0.469136,True
2024-11-19,21.094710,106.082030,2024-11-19 08:05:38.549011968,426.389340,0.000000,0.308642,True
2024-11-19,21.113302,106.077720,2024-11-19 08:05:38.576008192,426.800000,0.000000,0.432099,True
2024-11-19,21.111088,106.096640,2024-11-19 08:05:38.882987264,426.132170,0.000000,0.506173,True
2024-11-19,21.129686,106.092320,2024-11-19 08:05:38.910023936,426.491120,0.000000,0.567901,True
2024-11-19,21.174803,106.152710,2024-11-19 08:05:40.215991552,425.180050,0.000000,0.382716,True
2024-11-19,21.240866,106.065240,2024-11-19 08:05:39.072002304,426.656500,0.000000,0.419753,True
2024-11-19,21.233292,106.121210,2024-11-19 08:05:39.991007744,426.517520,0.000000,0.407407,True
2024-11-19,21.214740,106.125690,2024-11-19 08:05:39.964011264,425.642000,0.000000,0.333333,True
2024-11-19,21.177588,106.134500,2024-11-19 08:05:39.910018560,425.893100,0.000000,0.481481,True
2024-11-19,21.203900,106.074540,2024-11-19 08:05:39.018009600,425.269380,0.000000,0.358025,True
2024-11-19,21.126791,106.110214,2024-11-19 08:05:39.215996672,425.234830,0.000000,0.580247,True
2024-11-19,21.180216,106.115900,2024-11-19 08:05:39.602999552,426.690860,0.000000,0.481481,True
2024-11-19,21.286276,106.126420,2024-11-19 08:05:40.378010368,425.802400,0.000000,0.320988,True
2024-11-19,21.283802,106.145480,2024-11-19 08:05:40.684023296,425.632480,0.000000,0.469136,True
2024-11-19,21.158234,106.012810,2024-11-19 08:05:37.710995968,426.770320,0.000000,0.518519,True
2024-11-19,21.121160,106.021820,2024-11-19 08:05:37.657003264,426.380200,0.000000,0.370370,True
2024-11-19,20.860846,105.615280,2024-11-19 08:05:52.018019584,428.401950,0.000000,0.308642,True
2024-11-19,20.861258,105.637700,2024-11-19 08:05:52.323992576,429.739700,0.000000,0.530864,True
2024-11-19,20.876879,105.629364,2024-11-19 08:05:52.350988800,428.354000,0.000000,0.592593,True
2024-11-19,20.892452,105.620995,2024-11-19 08:05:52.377985536,427.932620,0.000000,0.345679,True
2024-11-19,20.845870,105.668495,2024-11-19 08:05:52.603009280,427.922670,0.000000,0.333333,True
2024-11-19,20.877230,105.651870,2024-11-19 08:05:52.657002240,428.582240,0.000000,0.308642,True
2024-11-19,20.861862,105.682600,2024-11-19 08:05:52.937024768,429.718200,0.000000,0.530864,True
2024-11-19,20.862130,105.705025,2024-11-19 08:05:53.242997760,428.595000,0.000000,0.308642,True
2024-11-19,20.877895,105.696754,2024-11-19 08:05:53.269994240,428.367250,0.000000,0.358025,True
2024-11-19,20.862270,105.727470,2024-11-19 08:05:53.549010944,428.488900,0.000000,0.345679,True
2024-11-19,21.193409,106.148445,2024-11-19 08:05:40.242987776,425.685700,0.000000,0.395062,True
2024-11-19,20.846102,105.690880,2024-11-19 08:05:52.909988096,427.512330,0.000000,0.333333,True
2024-11-19,21.252699,105.815960,2024-11-19 08:06:26.297012736,427.707900,0.000000,0.308642,True
2024-11-19,21.259577,105.800090,2024-11-19 08:06:26.324009472,428.315370,0.000000,0.358025,True
2024-11-19,21.247726,105.877754,2024-11-19 08:06:26.548993024,427.725280,0.000000,0.345679,True
2024-11-19,21.263690,105.891920,2024-11-19 08:06:26.883008512,428.031430,0.000000,0.456790,True
2024-11-19,21.279625,105.906080,2024-11-19 08:06:27.216018176,427.753780,0.000000,0.518519,True
2024-11-19,21.231760,105.863660,2024-11-19 08:06:26.216023552,427.355500,0.000000,0.333333,True
2024-11-19,21.181824,105.964800,2024-11-19 08:05:59.603011584,427.317700,0.000000,0.382716,True
2024-11-19,21.150238,105.981320,2024-11-19 08:05:59.549018880,426.337100,0.000000,0.407407,True
2024-11-19,21.228516,105.917320,2024-11-19 08:05:59.377987584,426.662080,0.000000,0.358025,True
2024-11-19,21.181566,105.942330,2024-11-19 08:05:59.296998400,425.439200,0.000000,0.444444,True
2024-11-19,21.165817,105.950640,2024-11-19 08:05:59.270001920,426.716550,0.000000,0.345679,True
2024-11-19,21.150028,105.958910,2024-11-19 08:05:59.243005440,426.906800,0.000000,0.444444,True
2024-11-19,21.134184,105.967190,2024-11-19 08:05:59.216009216,427.362850,0.000000,0.407407,True
2024-11-19,21.227966,105.894840,2024-11-19 08:05:59.072014848,427.044860,0.000000,0.395062,True
2024-11-19,21.212444,105.903170,2024-11-19 08:05:59.045018112,426.605930,0.000000,0.543210,True
2024-11-19,21.166058,105.973060,2024-11-19 08:05:59.576015360,427.235350,0.000000,0.456790,True
2024-11-19,21.222868,105.833595,2024-11-19 08:06:25.910010368,427.517970,0.000000,0.382716,True
2024-11-19,21.357723,105.930824,2024-11-19 08:06:28.603015168,427.326660,0.000000,0.308642,True
2024-11-19,21.398533,105.989296,2024-11-19 08:06:29.576013312,427.681820,0.000000,0.419753,True
2024-11-19,21.364643,105.914930,2024-11-19 08:06:28.630011648,427.188720,0.000000,0.320988,True
2024-11-19,21.309631,105.888430,2024-11-19 08:06:27.603020544,428.299840,0.000000,0.370370,True
2024-11-19,21.302631,105.904330,2024-11-19 08:06:27.576024320,428.189500,0.000000,0.308642,True
2024-11-19,21.405529,105.973400,2024-11-19 08:06:29.603009792,428.168060,0.000000,0.308642,True
2024-11-19,21.245354,105.976430,2024-11-19 08:06:00.323989504,427.379100,0.000000,0.518519,True
2024-11-19,21.260980,105.968100,2024-11-19 08:06:00.351026176,425.856540,0.000000,0.345679,True
2024-11-19,20.909990,105.747350,2024-11-19 08:05:54.242992384,427.650500,0.000000,0.382716,True
2024-11-19,20.910349,105.769490,2024-11-19 08:05:54.549005568,427.417420,0.000000,0.444444,True
2024-11-19,21.286678,105.890175,2024-11-19 08:06:27.243014656,427.478600,0.000000,0.320988,True
2024-11-19,21.339994,105.993866,2024-11-19 08:06:01.405013504,426.364960,0.000000,0.432099,True
2024-11-19,21.246155,106.066160,2024-11-19 08:06:01.549007872,427.724880,0.000000,0.382716,True
2024-11-19,21.085917,105.690550,2024-11-19 08:06:22.937023232,427.972930,0.000000,0.345679,True
2024-11-19,21.276552,105.959770,2024-11-19 08:06:00.378022400,426.757930,0.000000,0.456790,True
2024-11-19,21.311686,105.934350,2024-11-19 08:06:27.883002880,428.043580,0.000000,0.407407,True
2024-11-19,21.324455,106.002230,2024-11-19 08:06:01.378017024,426.789100,0.000000,0.469136,True
2024-11-19,21.334644,105.932620,2024-11-19 08:06:28.243009024,427.972720,0.000000,0.320988,True
2024-11-19,21.341627,105.916720,2024-11-19 08:06:28.270005760,428.676330,0.000000,0.308642,True
2024-11-19,21.309563,106.078100,2024-11-19 08:06:02.270025984,426.721130,0.000000,0.308642,True
2024-11-19,21.277546,106.027180,2024-11-19 08:06:01.296987648,426.639470,0.000000,0.469136,True
2024-11-19,21.198204,106.023740,2024-11-19 08:06:00.549013504,427.428900,0.000000,0.432099,True
2024-11-19,21.214039,106.015470,2024-11-19 08:06:00.576009728,426.813420,0.000000,0.469136,True
2024-11-19,21.229822,106.007190,2024-11-19 08:06:00.603006208,427.440280,0.000000,0.456790,True
2024-11-19,21.276870,105.982270,2024-11-19 08:06:00.683995392,425.943900,0.000000,0.456790,True
2024-11-19,21.293232,106.018880,2024-11-19 08:06:01.324024320,426.745240,0.000000,0.382716,True
2024-11-19,21.230034,106.029625,2024-11-19 08:06:00.910025216,425.628200,0.000000,0.432099,True
2024-11-19,21.292868,105.996414,2024-11-19 08:06:01.018011136,426.628800,0.000000,0.308642,True
2024-11-19,21.308453,105.988070,2024-11-19 08:06:01.045007360,426.310000,0.000000,0.358025,True
2024-11-19,21.230171,106.052020,2024-11-19 08:06:01.215998208,426.790700,0.000000,0.370370,True
2024-11-19,21.261814,106.035460,2024-11-19 08:06:01.269991168,426.310520,0.000000,0.370370,True
2024-11-19,21.245820,106.021350,2024-11-19 08:06:00.937021696,425.938540,0.000000,0.308642,True
2024-11-19,20.878107,105.719185,2024-11-19 08:05:53.576007424,426.096830,0.000000,0.333333,True
2024-11-19,20.893890,105.710880,2024-11-19 08:05:53.603003904,427.624420,0.000000,0.395062,True
2024-11-19,20.956469,105.677510,2024-11-19 08:05:53.710989824,427.406430,0.000000,0.320988,True
2024-11-19,21.325304,106.069824,2024-11-19 08:06:02.297022464,426.371150,0.000000,0.333333,True
2024-11-19,21.309319,106.055630,2024-11-19 08:06:01.964012544,426.415770,0.000000,0.395062,True
2024-11-19,21.277822,106.072160,2024-11-19 08:06:01.910019840,426.507720,0.000000,0.308642,True
2024-11-19,21.293537,106.041340,2024-11-19 08:06:01.629997312,426.852400,0.000000,0.345679,True
2024-11-23,22.687077,106.190510,2024-11-23 06:30:23.983025664,424.899020,0.000000,0.395062,True
2024-12-01,21.194355,106.173180,2024-12-01 03:16:49.884001280,428.116640,0.000000,0.493827,True
2024-12-01,21.246777,106.067700,2024-12-01 03:16:27.883999744,427.114620,0.000000,0.419753,True
2024-12-01,21.241613,105.970690,2024-12-01 03:16:07.802998528,427.240050,0.000000,0.444444,True
2024-12-01,21.214884,106.060740,2024-12-01 03:16:27.523993856,425.597630,0.000000,0.432099,True
2024-12-01,21.149551,105.984060,2024-12-01 03:16:25.884010752,426.658300,0.000000,0.444444,True
2024-12-01,21.149931,106.004974,2024-12-01 03:16:26.190023936,426.254300,0.000000,0.567901,True
2024-12-01,21.237894,106.189900,2024-12-01 03:16:50.578022912,428.513670,0.000000,0.493827,True
2024-12-01,21.265076,106.144450,2024-12-01 03:16:29.136014848,427.622250,0.000000,0.370370,True
2024-12-05,20.320246,106.541970,2024-12-05 01:39:17.037010688,426.149100,0.000000,0.580247,True
2024-12-05,18.866589,105.385345,2024-12-05 01:38:47.956017920,426.506200,0.000000,0.493827,True
2024-12-05,20.271500,106.500626,2024-12-05 01:39:16.037016064,424.368400,0.000000,0.518519,True
2024-12-05,20.375896,106.548294,2024-12-05 01:39:17.757022976,426.400000,0.000000,0.469136,True
2024-12-05,20.325048,106.566230,2024-12-05 01:39:17.343024128,425.584500,0.000000,0.432099,True
2024-12-05,20.354765,106.510185,2024-12-05 01:39:17.118000128,426.876700,0.000000,0.419753,True
2024-12-05,20.336600,106.555690,2024-12-05 01:39:17.370020352,426.183200,0.000000,0.444444,True
2024-12-05,20.331757,106.531420,2024-12-05 01:39:17.064007168,425.950130,0.000000,0.456790,True
2024-12-05,20.371103,106.523910,2024-12-05 01:39:17.451009792,427.170140,0.000000,0.493827,True
2024-12-05,20.327120,106.506960,2024-12-05 01:39:16.756988160,425.574400,0.000000,0.444444,True
2024-12-05,20.322296,106.482560,2024-12-05 01:39:16.451015168,425.122340,0.000000,0.567901,True
2024-12-05,20.310822,106.493180,2024-12-05 01:39:16.424018944,426.493230,0.000000,0.345679,True
2024-12-05,20.287802,106.514340,2024-12-05 01:39:16.370025984,424.053770,0.000000,0.469136,True
2024-12-05,20.338594,106.496346,2024-12-05 01:39:16.784024832,424.680660,0.000000,0.493827,True
2024-12-05,20.276255,106.524890,2024-12-05 01:39:16.342989312,425.245760,0.000000,0.506173,True
2024-12-05,20.343271,106.520810,2024-12-05 01:39:17.091003648,425.494320,0.000000,0.469136,True
2024-12-05,20.239002,106.473020,2024-12-05 01:39:15.369991168,426.664700,0.000000,0.481481,True
2024-12-05,19.161050,105.629220,2024-12-05 01:38:53.956025600,427.521730,0.000000,0.382716,True
2024-12-05,20.278334,106.465600,2024-12-05 01:39:15.756993536,425.962000,0.000000,0.432099,True
2024-12-05,20.266846,106.476190,2024-12-05 01:39:15.729997056,426.135960,0.000000,0.407407,True
2024-12-05,20.243793,106.497280,2024-12-05 01:39:15.676004352,425.267100,0.000000,0.518519,True
2024-12-05,20.262014,106.451860,2024-12-05 01:39:15.424024064,425.747620,0.000000,0.370370,True
2024-12-05,20.227459,106.483570,2024-12-05 01:39:15.342994688,425.386380,0.000000,0.333333,True
2024-12-05,20.257288,106.427430,2024-12-05 01:39:15.118010880,424.845030,0.000000,0.395062,True
2024-12-05,20.245829,106.438034,2024-12-05 01:39:15.091014400,426.457240,0.000000,0.506173,True
2024-12-05,20.234344,106.448616,2024-12-05 01:39:15.064017920,425.991000,0.000000,0.432099,True
2024-12-05,20.241047,106.413630,2024-12-05 01:39:14.783995392,425.265400,0.000000,0.419753,True
2024-12-05,20.250520,106.462450,2024-12-05 01:39:15.396987392,425.508270,0.000000,0.419753,True
2024-12-05,19.100462,105.598960,2024-12-05 01:38:52.928994304,427.004760,0.000000,0.407407,True
2024-12-05,19.156206,105.605190,2024-12-05 01:38:53.649006336,426.974370,0.000000,0.320988,True
2024-12-05,19.162855,105.570550,2024-12-05 01:38:53.369989632,426.146820,0.000000,0.395062,True
2024-12-05,19.139862,105.591600,2024-12-05 01:38:53.315996928,425.892030,0.000000,0.407407,True
2024-12-05,19.128326,105.602090,2024-12-05 01:38:53.289000448,427.226500,0.000000,0.481481,True
2024-12-05,19.116768,105.612550,2024-12-05 01:38:53.262003968,426.709300,0.000000,0.592593,True
2024-12-05,19.172579,105.618744,2024-12-05 01:38:53.983022080,427.526060,0.000000,0.456790,True
2024-12-05,18.855047,105.395800,2024-12-05 01:38:47.929021440,426.835850,0.000000,0.506173,True
2024-12-05,18.997538,105.493576,2024-12-05 01:38:50.622026496,426.388000,0.000000,0.395062,True
2024-12-05,19.009064,105.483090,2024-12-05 01:38:50.649022720,426.960800,0.000000,0.419753,True
2024-12-05,18.878105,105.374860,2024-12-05 01:38:47.983014400,426.537720,0.000000,0.308642,True
2024-12-05,19.102330,105.540430,2024-12-05 01:38:52.342998784,426.823000,0.000000,0.345679,True
2024-12-05,19.067743,105.571870,2024-12-05 01:38:52.262009344,426.140720,0.000000,0.308642,True
2024-12-05,19.074509,105.537340,2024-12-05 01:38:51.982992640,426.773130,0.000000,0.395062,True
2024-12-05,19.051428,105.558280,2024-12-05 01:38:51.928999680,425.848360,0.000000,0.382716,True
2024-12-05,19.079296,105.561420,2024-12-05 01:38:52.289005824,426.631840,0.000000,0.370370,True
2024-12-05,18.871449,105.409300,2024-12-05 01:38:48.261990912,425.989600,0.000000,0.333333,True
2024-12-05,19.130146,105.543430,2024-12-05 01:38:52.703004928,426.900020,0.000000,0.506173,True
2024-12-05,18.985987,105.504040,2024-12-05 01:38:50.594989824,426.252660,0.000000,0.456790,True
2024-12-05,19.038567,105.427380,2024-12-05 01:38:50.423998720,426.234220,0.000000,0.333333,True
2024-12-05,19.004208,105.459045,2024-12-05 01:38:50.343009536,425.855470,0.000000,0.493827,True
2024-12-05,18.981176,105.480034,2024-12-05 01:38:50.289016832,427.102330,0.000000,0.543210,True
2024-12-05,18.976377,105.455990,2024-12-05 01:38:49.983003392,426.252230,0.000000,0.641975,True
2024-12-05,18.953300,105.476930,2024-12-05 01:38:49.929010688,427.340360,0.000000,0.432099,True
2024-12-05,18.955140,105.418400,2024-12-05 01:38:49.343014912,425.564700,0.000000,0.395062,True
2024-12-05,19.013899,105.507126,2024-12-05 01:38:50.956001536,426.470200,0.000000,0.333333,True
2024-12-05,19.036919,105.486140,2024-12-05 01:38:51.009994496,426.517640,0.000000,0.444444,True
2024-12-05,19.035112,105.544690,2024-12-05 01:38:51.595024640,426.175720,0.000000,0.580247,True
2024-12-05,20.259960,106.511154,2024-12-05 01:39:16.010019840,425.450440,0.000000,0.481481,True
2024-12-05,19.058191,105.523760,2024-12-05 01:38:51.649017344,427.628200,0.000000,0.333333,True
2024-12-05,20.255331,106.486750,2024-12-05 01:39:15.703000832,426.170350,0.000000,0.419753,True
2024-12-05,20.306000,106.468850,2024-12-05 01:39:16.118005504,425.893160,0.000000,0.567901,True
2024-12-05,20.419930,106.565220,2024-12-05 01:39:18.451004160,422.537450,0.000000,0.629630,True
2024-12-05,20.403692,106.551440,2024-12-05 01:39:18.117994752,425.255740,0.000000,0.469136,True
2024-12-05,18.812685,105.320724,2024-12-05 01:38:46.649004288,426.439580,0.000000,0.419753,True
2024-12-05,18.825743,105.251530,2024-12-05 01:38:46.091010816,426.285580,0.000000,0.370370,True
2024-12-05,21.327553,107.486890,2024-12-05 01:39:38.595011072,426.235800,0.000000,0.333333,True
2024-12-05,18.861742,105.361340,2024-12-05 01:38:47.648998656,426.218930,0.000000,0.469136,True
2024-12-05,18.873234,105.350845,2024-12-05 01:38:47.675995392,427.425840,0.000000,0.432099,True
2024-12-05,18.896149,105.329740,2024-12-05 01:38:47.729988096,426.869900,0.000000,0.456790,True
2024-12-21,20.987015,106.314220,2024-12-21 04:55:15.593992192,430.318100,0.000000,0.370370,True
2024-12-21,21.013748,106.331320,2024-12-21 04:55:15.982000640,429.710500,0.000000,0.370370,True
2024-12-21,21.029858,106.317290,2024-12-21 04:55:15.648025344,429.114960,0.000000,0.530864,True
